Name,Specialization,Location,Rating,Link
Dr. Akshay Jain,General Physician,mumbai,80.92462707469576,https://www.practo.com/mumbai/doctor/akshay-jain-1-general-physician/recommended?specialization=general physician
Dr. Smita Dash,General Physician,mumbai,81.16111441798941,https://www.practo.com/mumbai/doctor/dr-smita-dash-general-physician/recommended?specialization=general physician
Dr. Resham Vasani Bhojani,Allergist,mumbai,80.37084471414829,https://www.practo.com/mumbai/doctor/resham-vasani-bhojani-dermatologist-cosmetologist/recommended?specialization=dermatologist
Dr. Prajct Sao,Allergist,mumbai,77.5317224111867,https://www.practo.com/mumbai/doctor/dr-prajct-sao-dermatologist-cosmetologist/recommended?specialization=dermatologist
Dr. Nilesh Goyal,Allergist,mumbai,80.69071534863946,https://www.practo.com/mumbai/doctor/dr-nilesh-goyal-dermatologist-cosmetologist-1/recommended?specialization=dermatologist
Dr. Pradnya Randive,Endocrinologist,mumbai,78.85164103835979,https://www.practo.com/mumbai/doctor/p-randive-gynecologist-obstetrician/recommended?specialization=gynecologist/obstetrician
Dr. B.R. Ramesh Rao,nephrologist,mumbai,74.30806220689034,https://www.practo.com/mumbai/doctor/b-r-ramesh-rao-nephrologist/recommended?specialization=nephrologist
Dr. Vibha Murarka,Allergist,mumbai,80.44267413487134,https://www.practo.com/mumbai/doctor/vibha-murarka-dermatologist-cosmetologist/recommended?specialization=dermatologist
Dr. Sonia Tekchandani,Allergist,mumbai,75.5713519119769,https://www.practo.com/mumbai/doctor/dr-sonia-tekchandani-dermatologist-cosmetologist-1/recommended?specialization=dermatologist
Dr. Kiran Katkar,Allergist,mumbai,76.03791713907785,https://www.practo.com/mumbai/doctor/dr-kiran-katkar-dermatologist-cosmetologist-2/recommended?specialization=dermatologist
Dr. Zeenat Bhalwani,Allergist,mumbai,82.35628844839371,https://www.practo.com/mumbai/doctor/dr-zeenat-bhalwani-dermatologist-cosmetologist/recommended?specialization=dermatologist
Dr. Keerti Sachdeva   (PhD),Psychiatrist,mumbai,72.59408027488385,https://www.practo.com/mumbai/therapist/dr-keerti-sachdeva-1-psychologist/recommended?specialization=psychologist
Dr. Deepam J. Shah,Allergist,mumbai,79.66478606032761,https://www.practo.com/mumbai/doctor/dr-deepam-j-shah-dermatologist-cosmetologist/recommended?specialization=dermatologist
Dr. Niraj Jha   (Physiotherapist),Psychiatrist,mumbai,81.4325119248883,https://www.practo.com/mumbai/therapist/dr-niraj-jha-physiotherapist/recommended?specialization=physiotherapist
Dr. Neelu Jain   (Physiotherapist),Psychiatrist,mumbai,80.30390935117362,https://www.practo.com/mumbai/therapist/dr-neelu-jain-1-physiotherapist/recommended?specialization=physiotherapist
Dr. Neha V Shah,Allergist,mumbai,81.6017743665065,https://www.practo.com/mumbai/doctor/dr-neha-v-shah/recommended?specialization=dermatologist
Dr. Mohit R Saraogi,Endocrinologist,mumbai,78.59874501074034,https://www.practo.com/mumbai/doctor/mohit-r-saraogi-gynecologist-obstetrician/recommended?specialization=gynecologist/obstetrician
Dr. Shilpa Bansal,Endocrinologist,mumbai,82.81784092643468,https://www.practo.com/mumbai/doctor/dr-shilpa-bansal-gynecologist-obstetrician-1/recommended?specialization=gynecologist/obstetrician
Dr. Prashant Kini,General Physician,mumbai,79.82588773577613,https://www.practo.com/mumbai/doctor/dr-prashant-kini-general-physician-1/recommended?specialization=general physician
Dr. Surinder Hansra,Cardiologist,mumbai,77.53940999476714,https://www.practo.com/mumbai/doctor/dr-surinder-hansra-cardiologist/recommended?specialization=cardiologist
Dr. Niketa Sonavane,Allergist,mumbai,76.53016045696478,https://www.practo.com/mumbai/doctor/dr-niketa-sonavane/recommended?specialization=dermatologist
Dr. Vikas Halwai,Allergist,mumbai,78.9521164021164,https://www.practo.com/mumbai/doctor/dr-vikas-halwai-dermatologist-cosmetologist-1/recommended?specialization=dermatologist
Dr. Tanuja Uchil,Endocrinologist,mumbai,77.79096224102176,https://www.practo.com/mumbai/doctor/dr-tanuja-uchil-gynecologist-obstetrician/recommended?specialization=gynecologist/obstetrician
Dr. Amit Gulati,Allergist,mumbai,82.05485157203908,https://www.practo.com/mumbai/doctor/amit-gulati-1-dermatologist/recommended?specialization=dermatologist
Dr. Rohann Bokdawala,Psychiatrist,mumbai,77.46111562049063,https://www.practo.com/mumbai/doctor/dr-rohann-bokdawala-psychiatrist/recommended?specialization=psychiatrist
Dr. Sujit Shanshanwal,Allergist,mumbai,80.35613230759961,https://www.practo.com/mumbai/doctor/dr-sujit-shanshanwal/recommended?specialization=dermatologist
Dr. Yuvaraja S Shetty,Pediatrician,mumbai,79.51211840107945,https://www.practo.com/mumbai/doctor/dr-dr-yuvaraja-s-shetty-pediatrician/recommended?specialization=paediatric intensivist
Dr. Hardik Shah,Gastroenterologist,mumbai,80.86317355889724,https://www.practo.com/mumbai/doctor/dr-hardik-shah-1-gastroenterologist/recommended?specialization=gastroenterologist
Dr. Ujjvala Jadhav,Allergist,mumbai,77.81705746421946,https://www.practo.com/mumbai/doctor/dr-ujjvala-jadhav-dermatologist-cosmetologist/recommended?specialization=dermatologist
Dr. Rashmi Shinde,Allergist,mumbai,82.02422290507113,https://www.practo.com/mumbai/doctor/dr-rashmi-shinde-dermatologist-cosmetologist/recommended?specialization=dermatologist
Dr. Shubhada Sanjiv Khandeparkar,Endocrinologist,mumbai,76.76268424990647,https://www.practo.com/mumbai/doctor/shubhada-khandeparkar-gynecologist-obstetrician/recommended?specialization=gynecologist/obstetrician
Dr. Shubhada Sanjiv Khandeparkar,Endocrinologist,mumbai,76.76268424990647,https://www.practo.com/mumbai/doctor/shubhada-khandeparkar-gynecologist-obstetrician/recommended?specialization=gynecologist/obstetrician
Dr. Punit Bhojani,Endocrinologist,mumbai,83.80943080357143,https://www.practo.com/mumbai/doctor/dr-punit-bhojani-gynecologist-obstetrician-1/recommended?specialization=gynecologist/obstetrician
Dr. Minita Mehta Solanki   (Physiotherapist),Psychiatrist,mumbai,81.20240126606198,https://www.practo.com/mumbai/therapist/dr-minita-solanki-physiotherapist/recommended?specialization=physiotherapist
Dr. Namrita Sheregar,Endocrinologist,mumbai,79.34358979624047,https://www.practo.com/mumbai/doctor/namrita-sheregar-gynecologist-obstetrician/recommended?specialization=gynecologist/obstetrician
Dr. Kunjal Bathija,Endocrinologist,mumbai,68.75840621963071,https://www.practo.com/mumbai/doctor/kunjal-bathija/recommended?specialization=gynecologist/obstetrician
Dr. Ankesh Sahetya,Endocrinologist,mumbai,81.21659890730614,https://www.practo.com/mumbai/doctor/dr-ankesh-sahetya-gynecologist-obstetrician/recommended?specialization=gynecologist/obstetrician
Dr. Lajja Shah   (Physiotherapist),Psychiatrist,mumbai,79.47447208049887,https://www.practo.com/mumbai/therapist/dr-lajja-shah-physiotherapist/recommended?specialization=physiotherapist
Dr. Gouri Sultane Gupta,Endocrinologist,mumbai,79.45795587439255,https://www.practo.com/mumbai/doctor/dr-gouri-sultane-gupta-gynecologist-obstetrician-gynecologist-obstetrician/recommended?specialization=gynecologist/obstetrician
Dr. Avanti Kadam Rane   (Physiotherapist),Psychiatrist,mumbai,78.71815617913832,https://www.practo.com/mumbai/therapist/avanti-kadam-physiotherapist/recommended?specialization=physiotherapist
Dr. Sambit Patnaik,General Physician,mumbai,78.5309369467484,https://www.practo.com/mumbai/doctor/dr-sambit-patnaik-1-gastroentrology-surgeon/recommended?specialization=general surgeon
Dr. Kinjal Rambhia Gulati,Allergist,mumbai,82.47380800534499,https://www.practo.com/mumbai/doctor/kinjal-rambhia-gulati-dermatologist/recommended?specialization=dermatologist
Dr. Monika Agrawal,Endocrinologist,mumbai,78.95174688799132,https://www.practo.com/mumbai/doctor/monika-agrawal-2-gynecologist-obstetrician/recommended?specialization=gynecologist/obstetrician
Dr. Tejal Poddar,Endocrinologist,mumbai,81.18219037080644,https://www.practo.com/mumbai/doctor/tejal-poddar/recommended?specialization=gynecologist/obstetrician
Dr. Abhinav Tiwari,Pediatrician,mumbai,81.7763240710439,https://www.practo.com/mumbai/doctor/abhinav-tiwari-pediatrician/recommended?specialization=pediatrician
Dr. Ajay Nimbalkar,Allergist,mumbai,78.48521072181786,https://www.practo.com/mumbai/doctor/dr-ajay-nimbalkar-dermatologist/recommended?specialization=dermatologist
Dr. Nimisha Mehta,Endocrinologist,mumbai,81.9815071712799,https://www.practo.com/mumbai/doctor/dr-nimisha-mehta-gynecologist-obstetrician/recommended?specialization=gynecologist/obstetrician
Dr. Sneha Ramchandani   (Physiotherapist),Psychiatrist,mumbai,80.72591413645449,https://www.practo.com/mumbai/therapist/dr-sneha-ramchandani-physiotherapist/recommended?specialization=physiotherapist
Dr. Ankita Mishra,Psychiatrist,mumbai,80.5297756212042,https://www.practo.com/mumbai/doctor/dr-ankita-mishra-1-psychiatrist-1/recommended?specialization=psychiatrist
Dr. Priyal Gala,Allergist,mumbai,81.61257021748094,https://www.practo.com/mumbai/doctor/dr-priyal-gala/recommended?specialization=dermatologist
Dr. Sachin Chaudhari,Allergist,mumbai,76.03885582010582,https://www.practo.com/mumbai/doctor/sachin-j-chaudhari-dermatologist-1/recommended?specialization=dermatologist
Dr. Ankur Phatarpekar,Cardiologist,mumbai,79.5824454687178,https://www.practo.com/mumbai/doctor/dr-ankur-phatarpekar/recommended?specialization=cardiologist
Ms. Mithila Desai,Psychiatrist,mumbai,78.03226670193855,https://www.practo.com/mumbai/therapist/dr-mithila-desai-psychologist-1-psychologist/recommended?specialization=psychologist
Dr. Smita Sachin Khaire,Pediatrician,mumbai,81.66620783730158,https://www.practo.com/mumbai/doctor/dr-smita-sachin-khaire/recommended?specialization=pediatrician
Dr. Sharmila Shirish Dhobale,Psychiatrist,mumbai,79.43414869579466,https://www.practo.com/mumbai/therapist/sharmila-shirish-dhobale-ayurveda/recommended?specialization=psychologist
Dr. Veena G. Shinde,Endocrinologist,mumbai,77.48848139569866,https://www.practo.com/mumbai/doctor/dr-veena-shinde-gynecologist-obstetrician-1/recommended?specialization=gynecologist/obstetrician
Dr. Nutan Hegde,Endocrinologist,mumbai,82.15906682603111,https://www.practo.com/mumbai/doctor/dr-mrs-nutan-hegde-gynecologist-obstetrician/recommended?specialization=gynecologist/obstetrician
Dr. Mallika Dembla,Allergist,mumbai,76.91119076147774,https://www.practo.com/mumbai/doctor/dr-mallika-dembla-dermatologist-cosmetologist/recommended?specialization=dermatologist
Dr. Renubala Rout,Endocrinologist,mumbai,82.67932513914656,https://www.practo.com/mumbai/doctor/renubala-rout-gynecologist-obstetrician/recommended?specialization=gynecologist/obstetrician
Dr. Suraj Shetty,Allergist,mumbai,81.51194019274377,https://www.practo.com/mumbai/doctor/suraj-shetty-dermatologist/recommended?specialization=dermatologist
Dr. Pradnya Shastri,Allergist,mumbai,80.42469856532357,https://www.practo.com/mumbai/doctor/pradnya-shastri-dermatologist-cosmetologist/recommended?specialization=dermatologist
Dr. Varun H Shah,Endocrinologist,mumbai,81.73258839249881,https://www.practo.com/mumbai/doctor/varun-h-shah-gynecologist-obstetrician/recommended?specialization=gynecologist/obstetrician
Dr. Shraddha Khot   (Physiotherapist),Psychiatrist,mumbai,79.51159208475057,https://www.practo.com/mumbai/therapist/shraddha-khot-physiotherapist/recommended?specialization=physiotherapist
Dr. Harshika Bavishi,Endocrinologist,mumbai,81.01127595398428,https://www.practo.com/mumbai/doctor/harshika-bavishi-gynecologist-obstetrician/recommended?specialization=gynecologist/obstetrician
Dr. Sneha Gupta Palvia,Allergist,mumbai,83.57619434137291,https://www.practo.com/mumbai/doctor/dr-sneha-gupta-palvia-dermatologist/recommended?specialization=dermatologist
Dr. Yogesh Trivedi,Endocrinologist,mumbai,79.71235119047618,https://www.practo.com/mumbai/doctor/dr-yogesh-trivedi-gynecologist-obstetrician/recommended?specialization=gynecologist/obstetrician
Dr. Premlata Jaiswal   (Physiotherapist),Psychiatrist,mumbai,76.21163194444443,https://www.practo.com/mumbai/therapist/premlata-jaiswal/recommended?specialization=physiotherapist
Dr. Sadhana Deshmukh,Allergist,mumbai,79.54865660133517,https://www.practo.com/mumbai/doctor/dr-sadhana-deshmukh-dermatologist-cosmetologist/recommended?specialization=dermatologist
Ms. Shamim Deshmukh,Psychiatrist,mumbai,79.90850171278338,https://www.practo.com/mumbai/therapist/shamim-deshmukh/recommended?specialization=psychologist
Dr. Raashi Mehta,Allergist,mumbai,79.53139086442658,https://www.practo.com/mumbai/doctor/raashi-mehta-dermatologist/recommended?specialization=dermatologist
Dr. Vaidehi Saigaonkar Newaskar,Allergist,mumbai,80.25294204189612,https://www.practo.com/mumbai/doctor/dr-vaidehi-newaskar-dermatologist/recommended?specialization=dermatologist
Dr. Neha Shah,Psychiatrist,mumbai,81.40726010101011,https://www.practo.com/mumbai/doctor/dr-neha-shah-2-psychiatrist/recommended?specialization=psychiatrist
Ms. Jaini Savla,Psychiatrist,mumbai,78.92851200139147,https://www.practo.com/mumbai/therapist/jaini-savla-psychologist/recommended?specialization=psychologist
Ms. Urveez Kakalia,Psychiatrist,mumbai,82.78166340452427,https://www.practo.com/mumbai/therapist/urveez-kakalia-psychologist/recommended?specialization=psychologist
Dr. Ashwini Bansode,General Physician,mumbai,70.00868055555556,https://www.practo.com/mumbai/doctor/dr-ashwini-bansode-ophthalmologist/recommended?specialization=general physician
Dr. Varsha Degwekar,Endocrinologist,mumbai,78.16140776386311,https://www.practo.com/mumbai/doctor/varsha-degwekar-gmail-com-gynecologist-obstetrician/recommended?specialization=gynecologist/obstetrician
Dr. Aparna Hegde,Endocrinologist,mumbai,78.08081891220483,https://www.practo.com/mumbai/doctor/c-u-p-center-for-urogynecology-and-pelvic-health-gynecologist-obstetrician/recommended?specialization=gynecologist/obstetrician
Dr. Madhushree Venkat,Endocrinologist,mumbai,80.20505952380952,https://www.practo.com/mumbai/doctor/dr-madhushree-venkat-1/recommended?specialization=gynecologist/obstetrician
Dr. Jayanti Kamat,Endocrinologist,mumbai,80.72629818594103,https://www.practo.com/mumbai/doctor/jayanti-kamat-gynecologist-obstetrician/recommended?specialization=gynecologist/obstetrician
Dr. Rashmikant Shah,Allergist,mumbai,73.31464375223773,https://www.practo.com/mumbai/doctor/dr-rashmikant-shah-dermatologist-cosmetologist/recommended?specialization=dermatologist
Dr. Monish Mehta   (Physiotherapist),Psychiatrist,mumbai,80.11469069951212,https://www.practo.com/mumbai/therapist/monishmehta-physiotherapist/recommended?specialization=physiotherapist
Dr. Jiten Chowdhry,General Physician,mumbai,78.43071765588212,https://www.practo.com/mumbai/doctor/dr-jiten-chowdhry-general-surgeon-1/recommended?specialization=general surgeon
Dr. Aditi Mehta   (Physiotherapist),Psychiatrist,mumbai,81.21299031127603,https://www.practo.com/mumbai/therapist/dr-aditi-mehta-physiotherapist/recommended?specialization=physiotherapist
Dr. Nitin M Narvekar,Endocrinologist,mumbai,81.94809915735841,https://www.practo.com/mumbai/doctor/dr-nitin-m-narvekar-gynecologist-obstetrician/recommended?specialization=gynecologist/obstetrician
Dr. Ganesh Avhad,Allergist,mumbai,80.03152638532103,https://www.practo.com/mumbai/doctor/hair-grow-dermatologist-cosmetologist/recommended?specialization=dermatologist
Dr. Harshida Pai   (Physiotherapist),Psychiatrist,mumbai,80.24670135023706,https://www.practo.com/mumbai/therapist/dr-harshida-pai-physiotherapist/recommended?specialization=physiotherapist
Dr. Rajiv Anand,Psychiatrist,mumbai,74.05537275087126,https://www.practo.com/mumbai/doctor/dr-rajiv-anand-psychiatrist/recommended?specialization=psychiatrist
Dr. Kiran Shandilya,Psychiatrist,mumbai,77.46699299769084,https://www.practo.com/mumbai/doctor/dr-kiran-shandilya-psychiatrist/recommended?specialization=psychiatrist
Dr. Vrushali Rane Khan,Allergist,mumbai,80.44263784461153,https://www.practo.com/mumbai/doctor/dr-vrushali-rane-dermatologist-cosmetologist/recommended?specialization=dermatologist
Dr. Garima Sharma,Endocrinologist,mumbai,81.01836842187117,https://www.practo.com/mumbai/doctor/dr-garima-sharma-3-gynecologist-obstetrician-1/recommended?specialization=gynecologist/obstetrician
Dr. Jay Ajmera   (Physiotherapist),Psychiatrist,mumbai,80.74450056000808,https://www.practo.com/mumbai/therapist/dr-jay-ajmera-physiotherapist-1/recommended?specialization=physiotherapist
Dr. Shrirang S Yadwadkar,General Physician,mumbai,82.57884903961585,https://www.practo.com/mumbai/doctor/dr-shrirang-s-yadwadkar-general-surgeon/recommended?specialization=general surgeon
Dr. Mohit Shah,Psychiatrist,mumbai,77.24499236201363,https://www.practo.com/mumbai/doctor/dr-mohit-shah-psychiatrist/recommended?specialization=psychiatrist
Dr. Rachana Rai   (Physiotherapist),Psychiatrist,mumbai,80.43491611090028,https://www.practo.com/mumbai/therapist/rachana-rai-physiotherapist-1/recommended?specialization=physiotherapist
Dr. Paresh C. Trivedi,Psychiatrist,mumbai,77.29917126393866,https://www.practo.com/mumbai/doctor/dr-paresh-c-trivedi-psychiatrist/recommended?specialization=psychiatrist
Dr. Pallavi Singh   (Physiotherapist),Psychiatrist,mumbai,79.47772569953021,https://www.practo.com/mumbai/therapist/dr-pallavi-singh-physiotherapist/recommended?specialization=physiotherapist
Dr. Venisha Shah,Allergist,mumbai,80.05530431869718,https://www.practo.com/mumbai/doctor/venisha-shah-1/recommended?specialization=dermatologist
Dr. Preeti Deshpande,Endocrinologist,mumbai,79.6061507936508,https://www.practo.com/mumbai/doctor/preeti-deshpande-gynecologist-obstetrician/recommended?specialization=gynecologist/obstetrician
Ms. Mansi D Chheda,Psychiatrist,mumbai,80.8816411441197,https://www.practo.com/mumbai/therapist/mansi-visaria-psychologist/recommended?specialization=psychologist
Dr. Jyotsna Patel,Endocrinologist,mumbai,74.27749722995259,https://www.practo.com/mumbai/doctor/dr-jyotsna-patel-gynecologist-obstetrician/recommended?specialization=gynecologist/obstetrician
Dr. Sangeeta Raodeo,Endocrinologist,mumbai,82.84927322491497,https://www.practo.com/mumbai/doctor/sangeeta-raodeo-1-gynecologist-obstetrician/recommended?specialization=gynecologist/obstetrician
Dr. Suyash Bhandekar,Endocrinologist,mumbai,80.19836443475899,https://www.practo.com/mumbai/doctor/dr-suyash-bhandekar/recommended?specialization=gynecologist/obstetrician
Dr. Sharmila Naik Mulye,Endocrinologist,mumbai,81.70112791749698,https://www.practo.com/mumbai/doctor/dr-sharmila-naik-mulye-gynecologist-obstetrician/recommended?specialization=gynecologist/obstetrician
Dr. Shreedevi Tanksale,Endocrinologist,mumbai,83.02573260073261,https://www.practo.com/mumbai/doctor/dr-shreedevi-tanksale/recommended?specialization=gynecologist/obstetrician
Dr. Sahil Nasir Fulara,Endocrinologist,mumbai,81.3790435129915,https://www.practo.com/mumbai/doctor/sahil-nasir-fulara-endocrinologist/recommended?specialization=endocrinologist
Dr. Meeth Atawane,Allergist,mumbai,81.58258317263204,https://www.practo.com/mumbai/doctor/meeth-atawane-dermatologist/recommended?specialization=dermatologist
Dr. Rahul Shetty,Allergist,mumbai,80.94492161041906,https://www.practo.com/mumbai/doctor/dr-rahul-shetty-dermatologist/recommended?specialization=dermatologist
Dr. Ila Tyagi,Endocrinologist,mumbai,73.71190791131268,https://www.practo.com/mumbai/doctor/dr-ila-tyagi-gynecologist-obstetrician-3/recommended?specialization=gynecologist/obstetrician
Ms. Nipa Sanghavi,Psychiatrist,mumbai,72.99880007309686,https://www.practo.com/mumbai/therapist/ms-nipa-mehta-psychologist/recommended?specialization=psychologist
Dr. Harshada Subhash Thakur,Endocrinologist,mumbai,82.48172046596417,https://www.practo.com/mumbai/doctor/harshada-subhash-thakur-radiologist/recommended?specialization=gynecologist/obstetrician
Ms. Meenal Mishra,Psychiatrist,mumbai,80.87702257537784,https://www.practo.com/mumbai/therapist/meenal-mishra-psychologist/recommended?specialization=psychologist
Ms. Rashi Laskari,Psychiatrist,mumbai,79.11574367266331,https://www.practo.com/mumbai/therapist/rashi-anand-psychologist/recommended?specialization=psychologist
Dr. Pallavi Rathi,Allergist,mumbai,77.2010211443885,https://www.practo.com/mumbai/doctor/dr-pallavi-rathi-dermatologist-cosmetologist-3/recommended?specialization=dermatologist
Ms. Meenakshi Sharma,Psychiatrist,mumbai,80.61424706246135,https://www.practo.com/mumbai/therapist/meenakshi-sharma-1-psychologist/recommended?specialization=psychologist
Dr. Akshata Dorkadi   (Physiotherapist),Psychiatrist,mumbai,83.80034013605442,https://www.practo.com/mumbai/therapist/akshata-dorkadi-physiotherapist/recommended?specialization=physiotherapist
Dr. Priyanka Thukral Mahajan,Psychiatrist,mumbai,82.7058697089947,https://www.practo.com/mumbai/doctor/priyanka-thukral-mahajan-psychiatrist/recommended?specialization=psychiatrist
Dr. Divya Balakrishnan,General Physician,mumbai,82.25933878180902,https://www.practo.com/mumbai/doctor/divya-balakrishnan-general-physician/recommended?specialization=general physician
Dr. Yatin Gadgil,General Physician,mumbai,79.8535146149103,https://www.practo.com/mumbai/doctor/yatin-gadgil-general-physician/recommended?specialization=general physician
Dr. Rennie Nainan,General Physician,mumbai,77.23859126984127,https://www.practo.com/mumbai/doctor/dr-rennie-nainan-general-physician/recommended?specialization=general physician
Dr. Mitali Mane,General Physician,mumbai,79.24828769114484,https://www.practo.com/mumbai/doctor/dr-mitali-mane-general-physician-1/recommended?specialization=general physician
Dr. Vishal Bankar,General Physician,mumbai,62.471390306122444,https://www.practo.com/mumbai/doctor/dr-vishal-bankar-general-physician-1/recommended?specialization=general physician
Dr. Vipulroy Rathod,Gastroenterologist,mumbai,74.04073314108251,https://www.practo.com/mumbai/doctor/dr-vipulroy-rathod-gastroenterologist-gastroenterologist/recommended?specialization=gastroenterologist
Dr. Sanjeev V. Mulekar,Allergist,mumbai,79.15946790753338,https://www.practo.com/mumbai/doctor/dr-sanjeev-mulekar-dermatologist-cosmetologist-1/recommended?specialization=dermatologist
Dr. Rajendra Saraogi,Endocrinologist,mumbai,78.37511277485096,https://www.practo.com/mumbai/doctor/dr-rajendra-saraogi-gynecologist-obstetrician/recommended?specialization=gynecologist/obstetrician
Dr. Shaurya Rohatgi,Allergist,mumbai,77.81557017861365,https://www.practo.com/mumbai/doctor/dr-shaurya-rohatgi-dermatologist/recommended?specialization=dermatologist
Dr. Rajendra S Sankpal,Endocrinologist,mumbai,80.27703675884646,https://www.practo.com/mumbai/doctor/rajendra-s-sankpal-gynecologist-obstetrician/recommended?specialization=gynecologist/obstetrician
Dr. Nandini Gupta,Allergist,mumbai,77.27307223394409,https://www.practo.com/mumbai/doctor/nandini-gupta-dermatologist/recommended?specialization=dermatologist
Dr. Meraj Ahmad   (Physiotherapist),Psychiatrist,mumbai,79.78299689440993,https://www.practo.com/mumbai/therapist/meraj-3/recommended?specialization=physiotherapist
Dr. Vipul Mehrotra,Pediatrician,mumbai,80.73106950552388,https://www.practo.com/mumbai/doctor/dr-vipul-mehrotra-pediatrician/recommended?specialization=pediatrician
Dr. Meghna Mour,Allergist,mumbai,77.72331138894951,https://www.practo.com/mumbai/doctor/dr-meghna-mour-dermatologist-cosmetologist/recommended?specialization=dermatologist
Dr. Malay Mehta,Allergist,mumbai,81.1673899403066,https://www.practo.com/mumbai/doctor/malay-mehta-dermatologist/recommended?specialization=dermatologist
Dr. Ankur Sharma   (Physiotherapist),Psychiatrist,mumbai,81.42894366079766,https://www.practo.com/mumbai/therapist/dr-ankur-sharma-physiotherapist-2/recommended?specialization=physiotherapist
Dr. Kalyani Nair,Allergist,mumbai,80.3126868014198,https://www.practo.com/mumbai/doctor/dr-kalyani-nair-dermatologist-cosmetologist/recommended?specialization=dermatologist
Dr. Manoj Vishwakarma   (Physiotherapist),Psychiatrist,mumbai,81.85358796296296,https://www.practo.com/mumbai/therapist/dr-manoj-28/recommended?specialization=physiotherapist
Dr. Pravin Gore,General Physician,mumbai,76.14058678820149,https://www.practo.com/mumbai/doctor/dr-pravin-gore-general-surgeon/recommended?specialization=general surgeon
Dr. Yogesh Kalyanpad,Allergist,mumbai,81.42247195595411,https://www.practo.com/mumbai/doctor/dr-yogesh-kalyanpad-dermatologist/recommended?specialization=dermatologist
Dr. Laxman Salve,General Physician,mumbai,81.26226982469588,https://www.practo.com/mumbai/doctor/laxman-salve/recommended?specialization=general surgeon
Dr. Divya A. Sahetya,Endocrinologist,mumbai,83.15056689342403,https://www.practo.com/mumbai/doctor/dr-divya-a-sahetya-gynecologist-obstetrician/recommended?specialization=gynecologist/obstetrician
Dr. Rajiv Prakash Manek,General Physician,mumbai,80.14590736644308,https://www.practo.com/mumbai/doctor/dr-rajiv-prakash-manek-general-surgeon/recommended?specialization=general surgeon
Dr. Bhushan S  Bawankar,Allergist,mumbai,83.09240358126722,https://www.practo.com/mumbai/doctor/bhushan-subhashchandra-bawankar-dermatologist/recommended?specialization=dermatologist
Dr. B Rajashekar,General Physician,bangalore,71.30583900226758,https://www.practo.com/bangalore/doctor/dr-rajashekhar-general-physician/recommended?specialization=general physician
Dr. Raja Selvarajan,General Physician,bangalore,77.84304656157335,https://www.practo.com/bangalore/doctor/dr-raja-selvarajan-diabetologist/recommended?specialization=general physician
Dr. Sachin,General Physician,bangalore,79.75336805555555,https://www.practo.com/bangalore/doctor/sachin-56-general-physician/recommended?specialization=general physician
Dr. Dhananjay Bhaskarachrar,General Physician,bangalore,80.63802083333334,https://www.practo.com/bangalore/doctor/dr-dhananjay-b-achar-general-physician/recommended?specialization=general physician
Dr. Regina Joseph,General Physician,bangalore,74.51399679189858,https://www.practo.com/bangalore/doctor/regina-joseph-general-physician/recommended?specialization=general physician
Dr. Renu Saraogi,General Physician,bangalore,78.69110898526077,https://www.practo.com/bangalore/doctor/dr-renu-saraogi-general-physician/recommended?specialization=general physician
Dr. S M Fayaz,General Physician,bangalore,81.60086030505953,https://www.practo.com/bangalore/doctor/dr-s-m-fayaz-general-physician/recommended?specialization=general physician
Dr. Tharanath S,General Physician,bangalore,82.84031593406593,https://www.practo.com/bangalore/doctor/dr-tharanath-s-general-physician/recommended?specialization=general physician
Dr. Diptee,General Physician,bangalore,78.61284520218344,https://www.practo.com/bangalore/doctor/dr-diptee-general-physician/recommended?specialization=general physician
Dr. Ruchi Satyesh,General Physician,bangalore,82.87411286630036,https://www.practo.com/bangalore/doctor/ruchi-satyesh-general-physician/recommended?specialization=general physician
Dr. Shalini C,General Physician,bangalore,81.44636197457378,https://www.practo.com/bangalore/doctor/dr-shalini-c-internal-medicine/recommended?specialization=family physician
Dr. Lakshmi P V,General Physician,bangalore,82.36350977891156,https://www.practo.com/bangalore/doctor/lakshmi-23-emergency-critical-care/recommended?specialization=emergency & critical care
Dr. Phani Madhuri,Endocrinologist,bangalore,77.98444310716964,https://www.practo.com/bangalore/doctor/phani-madhuri-gynecologist-obstetrician/recommended?specialization=gynecologist/obstetrician
Dr. Shashidhar T,Allergist,bangalore,80.36694505183026,https://www.practo.com/bangalore/doctor/shashidhar-t-dermatologist-cosmetologist/recommended?specialization=dermatologist
Dr. Parthasarathi Dutta Roy,Allergist,bangalore,75.06431309266131,https://www.practo.com/bangalore/doctor/dr-partha-sarathi-dutta-roy-dermatologist-cosmetologist/recommended?specialization=dermatologist
Dr. Archana Agarwal,Endocrinologist,bangalore,71.49849818336425,https://www.practo.com/bangalore/doctor/archana-agarwal-gynecologist-obstetrician/recommended?specialization=gynecologist/obstetrician
Dr. Triveni M P,Endocrinologist,bangalore,76.79461646265801,https://www.practo.com/bangalore/doctor/triveni-m-p-gynecologist-obstetrician/recommended?specialization=gynecologist/obstetrician
Dr. Deepthi RK Shashidhar,Endocrinologist,bangalore,80.65731490218869,https://www.practo.com/bangalore/doctor/deepthi-rk-shashidhar-gynecologist-obstetrician/recommended?specialization=gynecologist/obstetrician
Dr. Azmathulla Khan   (Physiotherapist),Psychiatrist,bangalore,80.96285566010268,https://www.practo.com/bangalore/therapist/azmathulla-khan-physiotherapist/recommended?specialization=physiotherapist
Dr. Priya J Talageri,Allergist,bangalore,80.48273809523809,https://www.practo.com/bangalore/doctor/dr-priya-j-talageri-dermatologist-cosmetologist/recommended?specialization=dermatologist
Dr. Bhumika S,Allergist,bangalore,77.97167153679655,https://www.practo.com/bangalore/doctor/dr-bhumika-s-dermatologist-cosmetologist/recommended?specialization=dermatologist
Dr. Kiran K J,General Physician,bangalore,73.00592758369119,https://www.practo.com/bangalore/doctor/dr-kiran-k-j-1-gastroenterologist/recommended?specialization=general surgeon
Dr. Nithya Raghunath,Allergist,bangalore,77.4630107576885,https://www.practo.com/bangalore/doctor/dr-nithya-raghunath-dermatologist-cosmetologist/recommended?specialization=dermatologist
Dr. Meenakshi R Kamath,Endocrinologist,bangalore,78.50509019623914,https://www.practo.com/bangalore/doctor/meenakshi-r-kamath-gynecologist-obstetrician/recommended?specialization=gynecologist/obstetrician
Dr. Suman Singh,Endocrinologist,bangalore,76.93006437194784,https://www.practo.com/bangalore/doctor/dr-suman-singh-gynecologist-obstetrician-2/recommended?specialization=gynecologist/obstetrician
Dr. Sreenath S Manikanti,Pediatrician,bangalore,79.67620360292692,https://www.practo.com/bangalore/doctor/dr-sreenath-s-manikanti-pediatrician/recommended?specialization=pediatrician
Dr. Sheela Natraj,Allergist,bangalore,78.47918438208616,https://www.practo.com/bangalore/doctor/sheelavathi-dermatologist-cosmetologist/recommended?specialization=dermatologist
Dr. Jyoti Raghavendra   (Physiotherapist),Psychiatrist,bangalore,77.84103332338545,https://www.practo.com/bangalore/therapist/dr-jyoti-raghavendra-pt-physiotherapist/recommended?specialization=physiotherapist
Dr. Rekha Prashanth,Endocrinologist,bangalore,76.9867148526077,https://www.practo.com/bangalore/doctor/dr-rekha-prashanth-gynecologist-obstetrician/recommended?specialization=gynecologist/obstetrician
Dr. Priya Kumar,Endocrinologist,bangalore,76.5536543814597,https://www.practo.com/bangalore/doctor/dr-priya-kumar-gynecologist-obstetrician-3/recommended?specialization=gynecologist/obstetrician
Dr. Ramanjanayalu,Allergist,bangalore,78.03456414617128,https://www.practo.com/bangalore/doctor/dr-ramanjanayalu/recommended?specialization=dermatologist
Dr. Deepa Vinay Nambiar,Endocrinologist,bangalore,81.35283080186099,https://www.practo.com/bangalore/doctor/dr-deepa-nambiar-gynecologist-obstetrician/recommended?specialization=gynecologist/obstetrician
Dr. Sandeep Mahapatra,Allergist,bangalore,76.70462301587301,https://www.practo.com/bangalore/doctor/dr-sandeep-mahapatra-dermatologist-cosmetologist/recommended?specialization=dermatologist
Dr. Dharani Bai G,Endocrinologist,bangalore,73.00503320858434,https://www.practo.com/bangalore/doctor/dr-dharani-bai-gynecologist-obstetrician-3/recommended?specialization=gynecologist/obstetrician
Dr. Payal Mahapatra,Endocrinologist,bangalore,75.66582628230356,https://www.practo.com/bangalore/doctor/dr-payal-mahapatra-1-gynecologist-obstetrician/recommended?specialization=gynecologist/obstetrician
Dr. Kisalay Saurav,Allergist,bangalore,74.7590647612969,https://www.practo.com/bangalore/doctor/dr-kisalay-saurav-dermatologist-cosmetologist/recommended?specialization=dermatologist
Dr. Ashwini B Gowdra,Endocrinologist,bangalore,77.47357622312663,https://www.practo.com/bangalore/doctor/dr-ashwini-gb-gynecologist-obstetrician/recommended?specialization=gynecologist/obstetrician
Dr. Mahesh G   (Physiotherapist),Psychiatrist,bangalore,79.42166270504302,https://www.practo.com/bangalore/therapist/dr-mahesh-g-physiotherapist/recommended?specialization=physiotherapist
Dr. Sujaya S.N.,Allergist,bangalore,80.98144595303687,https://www.practo.com/bangalore/doctor/dr-sujaya-s-n-dermatologist-cosmetologist/recommended?specialization=dermatologist
Dr. Juvita Rasquinha,Allergist,bangalore,74.38822790878712,https://www.practo.com/bangalore/doctor/juvitha-rasquinha-dermatologist-cosmetologist/recommended?specialization=dermatologist
Dr. Siri V,Endocrinologist,bangalore,79.77727504811068,https://www.practo.com/bangalore/doctor/dr-siri-v-gynecologist-obstetrician-1/recommended?specialization=gynecologist/obstetrician
Dr. J Prasad,Allergist,bangalore,80.5656001984127,https://www.practo.com/bangalore/doctor/dr-j-prasad-dermatologist-cosmetologist/recommended?specialization=dermatologist
Dr. Roopa. R,Cardiologist,bangalore,77.98757376882376,https://www.practo.com/bangalore/doctor/roopa-r-cardiologist/recommended?specialization=cardiologist
Dr. Indumathi   (Physiotherapist),Psychiatrist,bangalore,78.21400531903352,https://www.practo.com/bangalore/therapist/dr-indumathi-2-physiotherapist/recommended?specialization=physiotherapist
Dr. Vignessh Raj,Allergist,bangalore,80.59975607667309,https://www.practo.com/bangalore/doctor/vignessh-raj-dermatologist-cosmetologist/recommended?specialization=dermatologist
Dr. Sanjiv C C,neurologist,bangalore,68.4036269317732,https://www.practo.com/bangalore/doctor/dr-sanjiv-neurologist/recommended?specialization=neurologist
Dr. Hira Mardi,Endocrinologist,bangalore,81.4610014164283,https://www.practo.com/bangalore/doctor/dr-hira-mardi-gynecologist-obstetrician-1/recommended?specialization=gynecologist/obstetrician
Dr. Vani R,Endocrinologist,bangalore,80.60525321239606,https://www.practo.com/bangalore/doctor/dr-vani-r-gynecologist-obstetrician/recommended?specialization=gynecologist/obstetrician
Dr. Pratik Desai   (Physiotherapist),Psychiatrist,bangalore,80.27987443048207,https://www.practo.com/bangalore/therapist/pratik-desai-physiotherapist/recommended?specialization=physiotherapist
Dr. Hira Mardi,Endocrinologist,bangalore,81.4610014164283,https://www.practo.com/bangalore/doctor/dr-hira-mardi-gynecologist-obstetrician-1/recommended?specialization=gynecologist/obstetrician
Dr. Vani R,Endocrinologist,bangalore,80.60525321239606,https://www.practo.com/bangalore/doctor/dr-vani-r-gynecologist-obstetrician/recommended?specialization=gynecologist/obstetrician
Dr. Pratik Desai   (Physiotherapist),Psychiatrist,bangalore,80.27987443048207,https://www.practo.com/bangalore/therapist/pratik-desai-physiotherapist/recommended?specialization=physiotherapist
Ms. Hema Sampath,Psychiatrist,bangalore,74.66287626505698,https://www.practo.com/bangalore/therapist/hema-sampath-psychologist/recommended?specialization=psychologist
Dr. S Rajashree   (Physiotherapist),Psychiatrist,bangalore,79.38433931038097,https://www.practo.com/bangalore/therapist/rajashree-1-physiotherapist/recommended?specialization=physiotherapist
Dr. Ruchika Bhargava   (Physiotherapist),Psychiatrist,bangalore,80.50955876569128,https://www.practo.com/bangalore/therapist/ruchika-bhargava-physiotherapist/recommended?specialization=physiotherapist
Dr. Ashwini S,Endocrinologist,bangalore,81.67561924907704,https://www.practo.com/bangalore/doctor/ashusadashivan-gmail-com-infertility-specialist/recommended?specialization=gynecologist/obstetrician
Dr. G Vivek,Cardiologist,bangalore,83.56840969215969,https://www.practo.com/bangalore/doctor/g-vivek-cardiologist/recommended?specialization=cardiologist
Dr. Arjun Srivatsa,neurologist,bangalore,79.30059091519382,https://www.practo.com/bangalore/doctor/dr-arjun-srivatsa-neurosurgeon-1/recommended?specialization=neurosurgeon
Dr. Aparnaa Panda,Endocrinologist,bangalore,76.41730668707709,https://www.practo.com/bangalore/doctor/aparnaa-panda-gynecologist-obstetrician/recommended?specialization=gynecologist/obstetrician
Dr. Shishira R J,Allergist,bangalore,76.19806249999999,https://www.practo.com/bangalore/doctor/shishira-r-j-dermatologist/recommended?specialization=dermatologist
Dr. Rajdeep,Allergist,bangalore,78.56173768479253,https://www.practo.com/bangalore/doctor/dr-rajdeep-mysore-dermatologist-cosmetologist/recommended?specialization=dermatologist
Dr. Gogineni Deepti Walvekar,Allergist,bangalore,78.10896722325293,https://www.practo.com/bangalore/doctor/dr-deepthi-21-dermatologist-cosmetologist-1/recommended?specialization=dermatologist
Dr. Venkata Mukunda M,General Physician,bangalore,82.47276173727067,https://www.practo.com/bangalore/doctor/venkata-mukunda-m-gastrointestinal-surgeon/recommended?specialization=general surgeon
Dr. Pooja Rai   (Physiotherapist),Psychiatrist,bangalore,78.25712230445265,https://www.practo.com/bangalore/therapist/pooja-jhade-physiotherapist/recommended?specialization=physiotherapist
Dr. Sankeerth Vijayakumar,Allergist,bangalore,78.26514648004797,https://www.practo.com/bangalore/doctor/mr-sankeerth-dermatologist/recommended?specialization=dermatologist
Dr. Aruna Sahadev,Endocrinologist,bangalore,81.51214671040883,https://www.practo.com/bangalore/doctor/aruna-sahadev-gynecologist-obstetrician/recommended?specialization=gynecologist/obstetrician
Dr. Hareesha Babu,nephrologist,bangalore,72.96791973849854,https://www.practo.com/bangalore/doctor/hareesha-babu-k-nephrologist/recommended?specialization=nephrologist
Dr. S Gomathi   (Physiotherapist),Psychiatrist,bangalore,78.46952380231602,https://www.practo.com/bangalore/therapist/gomathi-3-physiotherapist/recommended?specialization=physiotherapist
Dr. Himanshu Vaidya   (Physiotherapist),Psychiatrist,bangalore,81.682954223356,https://www.practo.com/bangalore/therapist/himanshu-vaidya-physiotherapist/recommended?specialization=physiotherapist
Dr. Renu Nair,Allergist,bangalore,81.17826520489149,https://www.practo.com/bangalore/doctor/renu-nair-dermatologist-cosmetologist/recommended?specialization=dermatologist
Dr. Rashmi Naik N,Endocrinologist,bangalore,78.92380952380952,https://www.practo.com/bangalore/doctor/dr-rashmi-naik-n-gynecologist-obstetrician/recommended?specialization=gynecologist/obstetrician
Dr. Asmita Dhekne Chebbi,Allergist,bangalore,80.32238511323332,https://www.practo.com/bangalore/doctor/dr-asmita-dhekne-chebbi-dermatologist/recommended?specialization=dermatologist
Dr. Divyashree PS,Endocrinologist,bangalore,81.86565781350684,https://www.practo.com/bangalore/doctor/dr-divyashree-1-gynecologist-obstetrician/recommended?specialization=gynecologist/obstetrician
Dr. Sushruth,Psychiatrist,bangalore,77.46561119741065,https://www.practo.com/bangalore/doctor/dr-sushruth-psychiatrist/recommended?specialization=psychiatrist
Dr. Sunita Pawar Shekokar,Endocrinologist,bangalore,78.97210917448824,https://www.practo.com/bangalore/doctor/dr-sunita-p-shekokar-gynecologist-obstetrician/recommended?specialization=gynecologist/obstetrician
Dr. Harish N S,General Physician,bangalore,83.11406249999999,https://www.practo.com/bangalore/doctor/dr-harish-n-s-general-surgeon/recommended?specialization=general surgeon
Dr. Shilpa T,Endocrinologist,bangalore,78.91917741925182,https://www.practo.com/bangalore/doctor/shilpa-t-gynecologist-obstetrician/recommended?specialization=gynecologist/obstetrician
Dr. Nivrith Chambra   (Physiotherapist),Psychiatrist,bangalore,82.89179303665912,https://www.practo.com/bangalore/therapist/nivrith-chambra-physiotherapist/recommended?specialization=physiotherapist
Dr. Pooja Pandey Tripathi   (Physiotherapist),Psychiatrist,bangalore,81.45212034851171,https://www.practo.com/bangalore/therapist/dr-pooja-pandey-tripathi/recommended?specialization=physiotherapist
Dr. Archishubhra Paul   (Physiotherapist),Psychiatrist,bangalore,78.49951687605457,https://www.practo.com/bangalore/therapist/archishubhra-paul-physiotherapist/recommended?specialization=physiotherapist
Dr. Kiran Joshy,Allergist,bangalore,80.45924124858277,https://www.practo.com/bangalore/doctor/kiran-joshy-dermatologist/recommended?specialization=dermatologist
Dr. Sayed Mujahid Husain,Pediatrician,bangalore,79.08637636208125,https://www.practo.com/bangalore/doctor/sayed-mujahid-husain-pediatrician/recommended?specialization=pediatrician
Dr. Vanita Vaishnav,Endocrinologist,bangalore,80.22919766865078,https://www.practo.com/bangalore/doctor/vanita-vaishnav-gynecologist-obstetrician/recommended?specialization=gynecologist/obstetrician
Dr. K C Dharam Kumar,Allergist,bangalore,81.9545505702281,https://www.practo.com/bangalore/doctor/k-c-dharam-kumar-dermatologist/recommended?specialization=dermatologist
Dr. Rashmi Swaroop,Endocrinologist,bangalore,79.75806064471243,https://www.practo.com/bangalore/doctor/rashmi-swaroop-gynecologist-obstetrician/recommended?specialization=gynecologist/obstetrician
Dr. Kumudini Devi,Endocrinologist,bangalore,81.74825925562533,https://www.practo.com/bangalore/doctor/dr-kotu-kumudini-devi/recommended?specialization=gynecologist/obstetrician
Dr. Needhi Jain   (Physiotherapist),Psychiatrist,bangalore,80.38089351125065,https://www.practo.com/bangalore/therapist/dr-needhi-1-physiotherapist/recommended?specialization=physiotherapist
Dr. Lakshmi Devi,Endocrinologist,bangalore,80.39767071759259,https://www.practo.com/bangalore/doctor/dr-laxmi-devi-gynecologist-obstetrician/recommended?specialization=gynecologist/obstetrician
Dr. Rakesh Reddy,Allergist,bangalore,81.62881502709308,https://www.practo.com/bangalore/doctor/rakesh-reddy-dermatologist-cosmetologist/recommended?specialization=dermatologist
Dr. Shilpi Sarthi   (Physiotherapist),Psychiatrist,bangalore,77.9385910964036,https://www.practo.com/bangalore/therapist/shilpi-sarthi-physiotherapist/recommended?specialization=physiotherapist
Dr. Abhilasha M D,Allergist,bangalore,82.96599132077074,https://www.practo.com/bangalore/doctor/dr-abhilasha-m-d-dermatologist/recommended?specialization=dermatologist
Dr. Bharath S,Pediatrician,bangalore,80.22612653550154,https://www.practo.com/bangalore/doctor/dr-bharath-s-paediatrics/recommended?specialization=pediatrician
Dr. Chaithra S K,Endocrinologist,bangalore,78.18811050061049,https://www.practo.com/bangalore/doctor/dr-chaithra-k-s-gynecologist-obstetrician/recommended?specialization=gynecologist/obstetrician
Dr. Lokanadha Reddy,Pediatrician,bangalore,80.36586592970522,https://www.practo.com/bangalore/doctor/dr-lokanadha-reddy/recommended?specialization=pediatrician
Dr. Aishwarya V. Mathikatti,Endocrinologist,bangalore,78.91357101765756,https://www.practo.com/bangalore/doctor/aishwarya-v-mathikatti-gynecologist-obstetrician/recommended?specialization=gynecologist/obstetrician
Dr. Prateek H Patil,General Physician,bangalore,80.58013662924377,https://www.practo.com/bangalore/doctor/dr-prateek-h-patil-general-surgeon/recommended?specialization=general surgeon
Dr. Arundathi Nagaraj,Allergist,bangalore,81.1033675401979,https://www.practo.com/bangalore/doctor/arundathi-2-dermatologist/recommended?specialization=dermatologist
Dr. Sujitha Govindarajan,Endocrinologist,bangalore,80.77943306228741,https://www.practo.com/bangalore/doctor/dr-sujitha-govindarajan-gynecologist-obstetrician-1/recommended?specialization=gynecologist/obstetrician
Dr. Aruna Kumari V,Endocrinologist,bangalore,76.70347516918886,https://www.practo.com/bangalore/doctor/dr-aruna-kumari-v/recommended?specialization=gynecologist/obstetrician
Dr. Arjun SK,Pediatrician,bangalore,80.65126384755291,https://www.practo.com/bangalore/doctor/dr-arjun-sk-pediatrician/recommended?specialization=pediatrician
Dr. Swetha Gutha,Allergist,bangalore,81.39151785714286,https://www.practo.com/bangalore/doctor/dr-swetha-gutha-dermatologist/recommended?specialization=dermatologist
Dr. Pratibha S,Gastroenterologist,bangalore,80.51455848164181,https://www.practo.com/bangalore/doctor/pratibha-s-gastroenterologist/recommended?specialization=gastroenterologist
Dr. Ravikant Chauhan,Allergist,bangalore,80.30727916924346,https://www.practo.com/bangalore/doctor/dr-ravikant-chauhan-dermatologist/recommended?specialization=dermatologist
Dr. Meena Gnanasekharan,Psychiatrist,bangalore,72.92824050518149,https://www.practo.com/bangalore/doctor/dr-meena-gnanasekharan-psychiatrist-1/recommended?specialization=psychiatrist
Dr. Asha.Khatri,Endocrinologist,bangalore,74.3665326142112,https://www.practo.com/bangalore/doctor/asha-khatri-gynecologist-obstetrician/recommended?specialization=gynecologist/obstetrician
Dr. Dhivya R,Endocrinologist,bangalore,82.43673489071554,https://www.practo.com/bangalore/doctor/dr-dhivya-r-obstetrics-gynecology/recommended?specialization=gynecologist/obstetrician
Dr. Manjunath C S,Endocrinologist,bangalore,81.03901854819063,https://www.practo.com/bangalore/doctor/dr-manjunath-c-s-gynecologist-obstetrician-3/recommended?specialization=gynecologist/obstetrician
Dr. Latha N,Endocrinologist,bangalore,82.10552232854864,https://www.practo.com/bangalore/doctor/dr-latha-n-1-gynecologist-obstetrician/recommended?specialization=gynecologist/obstetrician
Dr. Sneha J,Endocrinologist,bangalore,79.6110658745678,https://www.practo.com/bangalore/doctor/dr-sneha-j-infertility-specialist/recommended?specialization=gynecologist/obstetrician
Dr. Shilpa Haresh,Endocrinologist,bangalore,77.24711505874495,https://www.practo.com/bangalore/doctor/dr-shilpa-haresh-gynecologist-obstetrician/recommended?specialization=gynecologist/obstetrician
Dr. Teena C Bannihatti,Endocrinologist,bangalore,82.60551684516781,https://www.practo.com/bangalore/doctor/dr-tina-1-gynecologist-obstetrician-gynecologist-obstetrician/recommended?specialization=gynecologist/obstetrician
Dr. Rajasekhar,General Physician,bangalore,79.050419704919,https://www.practo.com/bangalore/doctor/dr-mr-rajasekhar-general-surgeon/recommended?specialization=general surgeon
Dr. Mutyalatha Koppula,Endocrinologist,bangalore,80.71053675856308,https://www.practo.com/bangalore/doctor/mutyalatha-koppula-endoscopist/recommended?specialization=gynecologist/obstetrician
Dr. AV Praveen Kumar,Cardiologist,bangalore,81.0884482133552,https://www.practo.com/bangalore/doctor/av-praveen-kumar-cardiologist/recommended?specialization=cardiologist
Dr. Aditi Singh   (Physiotherapist),Psychiatrist,bangalore,79.04106863400801,https://www.practo.com/bangalore/therapist/dr-aditi-singh-physiotherapist-1/recommended?specialization=physiotherapist
Dr. Nadeem Shariff   (Physiotherapist),Psychiatrist,bangalore,79.4127062191635,https://www.practo.com/bangalore/therapist/dr-nadeem-shariff-physiotherapist-1/recommended?specialization=physiotherapist
Dr. Vikranth Suresh,General Physician,bangalore,77.81526881758212,https://www.practo.com/bangalore/doctor/dr-vikranth-sn-general-surgeon/recommended?specialization=general surgeon
Dr. Venkatesh Babu G M,Psychiatrist,bangalore,72.7118017977393,https://www.practo.com/bangalore/doctor/dr-venkatesh-babu-g-m-psychiatrist/recommended?specialization=psychiatrist
Dr. Geeth Monnappa,Endocrinologist,bangalore,81.28096281694496,https://www.practo.com/bangalore/doctor/dr-geeth-monnappa-obstetrics-gynecology/recommended?specialization=gynecologist/obstetrician
Dr. P Sreenivasa Rao,Endocrinologist,bangalore,82.06516999555504,https://www.practo.com/bangalore/doctor/dr-p-sreenivasa-p/recommended?specialization=gynecologist/obstetrician
Dr. Pradeepa,Endocrinologist,bangalore,82.8056388180272,https://www.practo.com/bangalore/doctor/dr-pradeepa-2-gynecologist-obstetrician/recommended?specialization=gynecologist/obstetrician
Dr. Nagaraja Moorthy,Cardiologist,bangalore,82.25405576115804,https://www.practo.com/bangalore/doctor/dr-nagaraj-murthy-cardiologist/recommended?specialization=cardiologist
Dr. Gaurav Prasad,General Physician,bangalore,77.62182149374901,https://www.practo.com/bangalore/doctor/dr-gaurav-prasad-general-surgeon/recommended?specialization=general surgeon
Dr. Nandhini Ravindran,Endocrinologist,bangalore,81.6015591318832,https://www.practo.com/bangalore/doctor/dr-nandhini-ravindran-gynecologist-obstetrician/recommended?specialization=gynecologist/obstetrician
Dr. Varsha S Patil,Allergist,bangalore,80.00283429533428,https://www.practo.com/bangalore/doctor/varsha-s-patil-dermatologist/recommended?specialization=dermatologist
Dr. Valmiki Karthik   (Physiotherapist),Psychiatrist,bangalore,79.02922808012093,https://www.practo.com/bangalore/therapist/barfi-avtar-physiotherapist/recommended?specialization=physiotherapist
Dr. Radhika Venkatachelam,Allergist,bangalore,79.21941570609725,https://www.practo.com/bangalore/doctor/dr-radhika-venkatachelam-dermatologist/recommended?specialization=dermatologist
Dr. Shwetha S. Kamath,Endocrinologist,bangalore,79.44242325548129,https://www.practo.com/bangalore/doctor/dr-shwetha-s-kamath/recommended?specialization=gynecologist/obstetrician
Dr. Harish N,Pediatrician,bangalore,78.84245480599647,https://www.practo.com/bangalore/doctor/dr-harish-n-pediatrician/recommended?specialization=pediatrician
Dr. Vijay Mehtry,Psychiatrist,bangalore,80.21374587713873,https://www.practo.com/bangalore/doctor/vijay-mehtry/recommended?specialization=psychiatrist
Dr. Rajini C C,Pediatrician,bangalore,82.45163580042407,https://www.practo.com/bangalore/doctor/dr-rajini-c-c-pediatrician-2/recommended?specialization=pediatrician
Dr. Sephali Ghimire   (Physiotherapist),Psychiatrist,bangalore,80.93493807779521,https://www.practo.com/bangalore/therapist/dr-shephalie-shrivatsava/recommended?specialization=physiotherapist
Dr. Seema Srinivasa,Allergist,bangalore,82.26715773809524,https://www.practo.com/bangalore/doctor/dr-seema-srinivasa-dermatologist-dermatologist/recommended?specialization=dermatologist
Dr. Vinutha Prashanth,Endocrinologist,bangalore,80.89043144355645,https://www.practo.com/bangalore/doctor/dr-vinutha-prashanth-dietitian-nutritionist/recommended?specialization=gynecologist/obstetrician
Dr. Anusha Emani,Endocrinologist,bangalore,78.77764077853364,https://www.practo.com/bangalore/doctor/dr-anusha-emani-gynecologist-obstetrician/recommended?specialization=gynecologist/obstetrician
Dr. Pooja A Kundargi,Endocrinologist,bangalore,80.99481487997498,https://www.practo.com/bangalore/doctor/dr-pooja-a-kundargi-gynecologist-obstetrician/recommended?specialization=gynecologist/obstetrician
Dr. VijayKumar P.K,Endocrinologist,bangalore,78.68110045780436,https://www.practo.com/bangalore/doctor/vijay-kumar-p-k-gynecologist-obstetrician/recommended?specialization=gynecologist/obstetrician
Ms. Shreya Chatterjee,Psychiatrist,bangalore,70.66339391817334,https://www.practo.com/bangalore/therapist/shreya-chatterjee-psychologist-2/recommended?specialization=psychologist
Dr. Haritha Rao,Endocrinologist,bangalore,79.90922735003092,https://www.practo.com/bangalore/doctor/haritha-rao-gynecologist-obstetrician-1/recommended?specialization=gynecologist/obstetrician
Dr. Mamatha B Shetty,Endocrinologist,bangalore,80.36772357251382,https://www.practo.com/bangalore/doctor/dr-mamatha-b-shetty-gynecologist-obstetrician/recommended?specialization=gynecologist/obstetrician
Ms. Jinashree Rajendrakumar,Psychiatrist,bangalore,79.66698826416088,https://www.practo.com/bangalore/therapist/jinashree-rajendrakumar-psychologist/recommended?specialization=psychologist
Dr. Ravi   (Physiotherapist),Psychiatrist,bangalore,79.58518713429427,https://www.practo.com/bangalore/therapist/physio-ravi-physiotherapist/recommended?specialization=physiotherapist
Dr. Anjana N.Ramamurthy,Psychiatrist,bangalore,80.0802340296388,https://www.practo.com/bangalore/doctor/dr-anjana-n-ramamurthy-psychiatrist/recommended?specialization=psychiatrist
Dr. Sumit Gupta   (Physiotherapist),Psychiatrist,bangalore,79.54662573152157,https://www.practo.com/bangalore/therapist/dr-sumit-gupta-pt-physiotherapist/recommended?specialization=physiotherapist
Dr. Sowmya Arudi Nagarajan,Pediatrician,bangalore,79.33239312325851,https://www.practo.com/bangalore/doctor/dr-soumya-arudi-nagarajan-allergist-immunologist/recommended?specialization=pediatrician
Dr. H S Chandrika,Endocrinologist,bangalore,81.80042241984205,https://www.practo.com/bangalore/doctor/dr-h-s-chandrika-gynecologist-obstetrician/recommended?specialization=gynecologist/obstetrician
Dr. Bhanu BT,Endocrinologist,bangalore,81.18827589906486,https://www.practo.com/bangalore/doctor/dr-bhanu-bt-gynecologist-obstetrician/recommended?specialization=gynecologist/obstetrician
Dr. Shilpa Ellur,Endocrinologist,bangalore,79.75370075113378,https://www.practo.com/bangalore/doctor/shilpa-ellur-gynecologist-obstetrician-1/recommended?specialization=gynecologist/obstetrician
Dr. Naveen PG,General Physician,bangalore,78.43062135568513,https://www.practo.com/bangalore/doctor/dr-naveen-p-g-general-surgeon/recommended?specialization=general surgeon
Dr. Sindhura Aiyappa   (PhD),Psychiatrist,bangalore,81.72500427930913,https://www.practo.com/bangalore/therapist/ms-sindhura-aiyappa-k-psychologist/recommended?specialization=psychologist
Dr. Sowmya Arudi Nagarajan,Pediatrician,bangalore,79.33239312325851,https://www.practo.com/bangalore/doctor/dr-soumya-arudi-nagarajan-allergist-immunologist/recommended?specialization=pediatrician
Dr. Akshaya AM   (Physiotherapist),Psychiatrist,bangalore,81.96866367759225,https://www.practo.com/bangalore/therapist/akshaya-am-physiotherapist/recommended?specialization=physiotherapist
Dr. Miral B Nanavati   (Physiotherapist),Psychiatrist,bangalore,80.54249397675736,https://www.practo.com/bangalore/therapist/miral-nanavati-physiotherapist/recommended?specialization=physiotherapist
Dr. Tanuja H,Endocrinologist,bangalore,81.80938174873124,https://www.practo.com/bangalore/doctor/dr-tanuja-h/recommended?specialization=gynecologist/obstetrician
Mr. Sreevathsa,Psychiatrist,bangalore,81.9930210401545,https://www.practo.com/bangalore/therapist/sreevathsa-psychologist/recommended?specialization=psychologist
Dr. Ponkhi Sharma   (Physiotherapist),Psychiatrist,bangalore,81.02959434031877,https://www.practo.com/bangalore/therapist/ponkhi-sharma-physiotherapist/recommended?specialization=physiotherapist
Dr. Fiza Taj Samadh   (Physiotherapist),Psychiatrist,bangalore,73.99158981774528,https://www.practo.com/bangalore/therapist/dr-fiza-taj-samadh-physiotherapist/recommended?specialization=physiotherapist
Ms. Radhi Priya,Psychiatrist,bangalore,78.38092575414004,https://www.practo.com/bangalore/therapist/radhi-priya-psychologist/recommended?specialization=psychologist
Ms. Debdattya Mitra,Psychiatrist,bangalore,72.09173205266956,https://www.practo.com/bangalore/therapist/debdatya-mitra-psychologist/recommended?specialization=psychologist
Dr. M Bhagyashree,Allergist,bangalore,82.30636042611488,https://www.practo.com/bangalore/doctor/dr-m-bhagyashree-dermatologist-1/recommended?specialization=dermatologist
Dr. Narendra Rao,General Physician,bangalore,78.35873444436756,https://www.practo.com/bangalore/doctor/dr-narendra-rao-general-physician/recommended?specialization=general physician
Dr. K Onkarappa,General Physician,bangalore,60.8547867063492,https://www.practo.com/bangalore/doctor/dr-k-onkarappa-general-physician/recommended?specialization=general physician
Dr. Madhusudan K R,General Physician,bangalore,75.02295918367346,https://www.practo.com/bangalore/doctor/dr-madhusudan-k-r-allergist-immunologist/recommended?specialization=general physician
Dr. Tejaswini Nayak,Pediatrician,bangalore,78.39656642960215,https://www.practo.com/bangalore/doctor/dr-tejaswini-nayak-pediatrician-1/recommended?specialization=pediatrician
Dr. P.R. Krishnan,neurologist,bangalore,76.61689346193022,https://www.practo.com/bangalore/doctor/dr-p-r-krishnan/recommended?specialization=neurologist
Dr. Radhakrishna Bhat,Allergist,bangalore,76.71106229528847,https://www.practo.com/bangalore/doctor/dr-radhakrishna-bhat-1/recommended?specialization=dermatologist
Dr. Disha Sridhar,Endocrinologist,bangalore,73.64394232414135,https://www.practo.com/bangalore/doctor/dr-disha-sridhar-gynecologist-obstetrician-1-gynecologist-obstetrician/recommended?specialization=gynecologist/obstetrician
Dr. Radha S Rao,Endocrinologist,bangalore,79.58865315202718,https://www.practo.com/bangalore/doctor/dr-radha-s-rao-gynecologist-obstetrician/recommended?specialization=gynecologist/obstetrician
Dr. (Maj.)Sharad Shrivastava,General Physician,delhi,77.28130831325586,https://www.practo.com/delhi/doctor/dr-54-general-physician-1/recommended?specialization=general physician
Dr. Yatin Kukreja,General Physician,delhi,80.50787927350427,https://www.practo.com/delhi/doctor/dr-yatin-kukreja-emergency-critical-care/recommended?specialization=general physician
Dr. Satbir Singh,Cardiologist,delhi,81.34820247543462,https://www.practo.com/delhi/doctor/satbir-singh-cardiologist/recommended?specialization=cardiologist
Dr. Jaspreet Singh Lamba,General Physician,delhi,79.24573650034176,https://www.practo.com/delhi/doctor/jaspreet-singh-lamba-internal-medicine-1/recommended?specialization=general physician
Dr. Gaurav Thukran,General Physician,delhi,82.29250485908649,https://www.practo.com/delhi/doctor/dr-gaurav-thukran-general-physician-1/recommended?specialization=general physician
Dr. Kalpana Aggrawal,Endocrinologist,delhi,75.42289485599434,https://www.practo.com/delhi/doctor/dr-kalpana-aggrawal-gynecologist-obstetrician/recommended?specialization=gynecologist/obstetrician
Dr. Neha Khandelwal,Endocrinologist,delhi,82.32936586671707,https://www.practo.com/delhi/doctor/neha-khandelwal-gynecologist-obstetrician/recommended?specialization=gynecologist/obstetrician
Dr. Manish Sarkar,Psychiatrist,delhi,78.2535646614594,https://www.practo.com/delhi/doctor/drmanish-sarkar-1-gmail-com-psychiatrist/recommended?specialization=psychiatrist
Dr. Lochan Arora   (Physiotherapist),Psychiatrist,delhi,78.81833127190271,https://www.practo.com/delhi/therapist/lochan-arora-physiotherapist/recommended?specialization=physiotherapist
Dr. Prof. Sadhana Kala,Endocrinologist,delhi,80.68211805555555,https://www.practo.com/delhi/doctor/sadhana-kala-gynecologist-obstetrician/recommended?specialization=gynecologist/obstetrician
Dr. Ashish Agarwal,Cardiologist,delhi,82.72739204377403,https://www.practo.com/delhi/doctor/ashish-agarwal-2-cardiologist/recommended?specialization=cardiologist
Dr. Vishal Vaidya,Pediatrician,delhi,80.4924596661055,https://www.practo.com/delhi/doctor/vishal-vaidya-1-pediatrician/recommended?specialization=pediatrician
Dr. Ashok Sarin,nephrologist,delhi,76.83174603174604,https://www.practo.com/delhi/doctor/ashok-sarin-nephrologist/recommended?specialization=nephrologist
Dr. Payal Pal   (Physiotherapist),Psychiatrist,delhi,79.96917050811552,https://www.practo.com/delhi/therapist/dr-payal-pal-1-alternative-medicine/recommended?specialization=physiotherapist
Dr. Arihant Surana,Allergist,delhi,80.61726780990173,https://www.practo.com/delhi/doctor/dr-arihant-surana-hair-transplant-surgeon-1/recommended?specialization=dermatologist
Dr. Bandana Sodhi,Endocrinologist,delhi,80.04428297311611,https://www.practo.com/delhi/doctor/dr-bandana-sodhi-gynecologist-obstetrician/recommended?specialization=gynecologist/obstetrician
Dr. Parinita Kalita,Endocrinologist,delhi,75.98772207404986,https://www.practo.com/delhi/doctor/dr-parinita-kalita-1-gynecologist-obstetrician/recommended?specialization=gynecologist/obstetrician
Dr. Ramandeep S. Dang,neurologist,delhi,77.33801754524413,https://www.practo.com/delhi/doctor/dr-ramandeep-s-dang-neurosurgeon/recommended?specialization=neurosurgeon
Dr. Shalini Chaudhary,Endocrinologist,delhi,77.27596948598787,https://www.practo.com/delhi/doctor/dr-shalini-chaudhary-1-gynecologist-obstetrician/recommended?specialization=gynecologist/obstetrician
Dr. Shalini Chawla Khanna,Endocrinologist,delhi,80.17481132068066,https://www.practo.com/delhi/doctor/dr-shalini-chawla-khanna-reproductive-medicine-and-infertility/recommended?specialization=gynecologist/obstetrician
Dr. Lipy Gupta,Allergist,delhi,78.80889870829284,https://www.practo.com/delhi/doctor/dr-lipy-gupta-dermatologist-cosmetologist/recommended?specialization=dermatologist
Dr. Sricha Sharma,Pediatrician,delhi,81.05448502886003,https://www.practo.com/delhi/doctor/dr-sricha-sharma-pediatrician-1/recommended?specialization=pediatrician
Dr. Sutopa Banerjee,Endocrinologist,delhi,79.57975653876193,https://www.practo.com/delhi/doctor/drsutopabanerjee-gynecologist-obstetrician/recommended?specialization=gynecologist/obstetrician
Dr. H C Bhatt,Pediatrician,delhi,81.17876348138516,https://www.practo.com/delhi/doctor/dr-h-c-bhatt-pediatrician-1/recommended?specialization=pediatrician
Dr. Pooja Choudhary,Endocrinologist,delhi,80.95381832122904,https://www.practo.com/delhi/doctor/dr-pooja-choudhary-gynecologist-obstetrician-1/recommended?specialization=gynecologist/obstetrician
Dr. Rajesh Madan,Cardiologist,delhi,74.42180884591599,https://www.practo.com/delhi/doctor/rajesh-madan-general-physician/recommended?specialization=cardiologist
Dr. Ruchi Malhotra,Endocrinologist,delhi,75.37796606737933,https://www.practo.com/delhi/doctor/ruchi-malhotra-gynecologist-obstetrician/recommended?specialization=gynecologist/obstetrician
Dr. Anisha Sekhri   (Physiotherapist),Psychiatrist,delhi,80.97251082251083,https://www.practo.com/delhi/therapist/dr-anisha-sekhri-physiotherapist/recommended?specialization=physiotherapist
Dr. Arpana Jain,Endocrinologist,delhi,77.61731859410432,https://www.practo.com/delhi/doctor/dr-arpana-jain-gynecologist-obstetrician/recommended?specialization=gynecologist/obstetrician
Dr. Rishi Parashar,Allergist,delhi,75.0833345143613,https://www.practo.com/delhi/doctor/dr-rishi-parashar-dermatologist-cosmetologist-1/recommended?specialization=dermatologist
Dr. Rita Bakshi,Endocrinologist,delhi,77.97894087903757,https://www.practo.com/delhi/doctor/dr-rita-bakshi-gynecologist-obstetrician/recommended?specialization=gynecologist/obstetrician
Dr. Ashish Tahilyani,Pediatrician,delhi,79.46214502038366,https://www.practo.com/delhi/doctor/ashish-tahilyani-pediatrician/recommended?specialization=pediatrician
Dr. Rahul Sekhri   (Physiotherapist),Psychiatrist,delhi,77.99732057744818,https://www.practo.com/delhi/therapist/dr-rahul-sekhri-pt-rehab-physical-medicine-specialist/recommended?specialization=physiotherapist
Dr. Neelam Walia,Endocrinologist,delhi,79.99637804325303,https://www.practo.com/delhi/doctor/dr-neelam-walia-gynecologist/recommended?specialization=gynecologist/obstetrician
Dr. Parmil Kumar Sharma,Allergist,delhi,78.76644605394605,https://www.practo.com/delhi/doctor/dr-p-k-sharma-dermatologist-cosmetologist-1/recommended?specialization=dermatologist
Dr. Parmil Kumar Sharma,Allergist,delhi,78.76644605394605,https://www.practo.com/delhi/doctor/dr-p-k-sharma-dermatologist-cosmetologist-1/recommended?specialization=dermatologist
Dr. Anu Kapoor Sharma,Allergist,delhi,79.8564462164008,https://www.practo.com/delhi/doctor/dr-mrs-a-k-sharma-dermatologist-cosmetologist/recommended?specialization=dermatologist
Dr. Anuradha Khurana Dakour,Endocrinologist,delhi,79.52656249999998,https://www.practo.com/delhi/doctor/dr-anuradha-khurana-dakour-gynecologist-obstetrician/recommended?specialization=gynecologist/obstetrician
Dr. Vaishali Sharma,Endocrinologist,delhi,81.10695684523809,https://www.practo.com/delhi/doctor/vaishali-11-gynecologist-obstetrician/recommended?specialization=gynecologist/obstetrician
Dr. Puja Sharma,Endocrinologist,delhi,82.03428819444446,https://www.practo.com/delhi/doctor/dr-puja-sharma-4-gynecologist-obstetrician/recommended?specialization=gynecologist/obstetrician
Dr. Jyoti Gupta,Allergist,delhi,78.88969279376684,https://www.practo.com/delhi/doctor/dr-dr-jyoti-gupta-dermatologist-cosmetologist/recommended?specialization=dermatologist
Dr. Sucheta Malhotra,Endocrinologist,delhi,78.37894277239516,https://www.practo.com/delhi/doctor/dr-sucheta-malhotra-gynecologist-obstetrician/recommended?specialization=gynecologist/obstetrician
Dr. Ankit Aggarwal   (Physiotherapist),Psychiatrist,delhi,80.46893942461546,https://www.practo.com/delhi/therapist/ankit-aggarwal-1-physiotherapist/recommended?specialization=physiotherapist
Dr. Navjot Singh Arora,Allergist,delhi,78.82881944444445,https://www.practo.com/delhi/doctor/navjot-singh-arora-dermatologist-cosmetologist/recommended?specialization=dermatologist
Dr. Shakuntla Shukla,Endocrinologist,delhi,75.20790750428034,https://www.practo.com/delhi/doctor/dr-shakuntla-shukla-gynecologist-obstetrician/recommended?specialization=gynecologist/obstetrician
Dr. Deepshikha Goel   (Physiotherapist),Psychiatrist,delhi,82.77002314814814,https://www.practo.com/delhi/therapist/dr-deepshikha-goel-physiotherapist/recommended?specialization=physiotherapist
Dr. Manish Gupta,Allergist,delhi,72.83878216690718,https://www.practo.com/delhi/doctor/dr-manish-gupta-dermatologist-cosmetologist/recommended?specialization=dermatologist
Dr. Seema Sharma,Endocrinologist,delhi,78.15661489359407,https://www.practo.com/delhi/doctor/dr-seema-sharma-3-gynecologist-obstetrician/recommended?specialization=gynecologist/obstetrician
Ms. Monica Sharma,Psychiatrist,delhi,80.30431683089904,https://www.practo.com/delhi/therapist/monica-sharma-psychologist-psychologist/recommended?specialization=psychologist
Dr. Kanu Verma,Allergist,delhi,76.88831008955539,https://www.practo.com/delhi/doctor/dr-kanu-verma-dermatologist-cosmetologist-2/recommended?specialization=dermatologist
Dr. Kadam Nagpal,neurologist,delhi,77.84866652770789,https://www.practo.com/delhi/doctor/kadam-nagpal-neurologist/recommended?specialization=neurologist
Dr. Amit Modi,Pediatrician,delhi,80.32466198331582,https://www.practo.com/delhi/doctor/amit-modi-pediatrician/recommended?specialization=pediatrician
Dr. Sukanya Patra,Endocrinologist,delhi,79.01983536470144,https://www.practo.com/delhi/doctor/dr-sukanya-patra-gynecologist-obstetrician-1/recommended?specialization=gynecologist/obstetrician
Dr. (Prof) RK Suri   (PhD),Psychiatrist,delhi,79.60436830978924,https://www.practo.com/delhi/therapist/r-k-suri-psychologist/recommended?specialization=psychologist
Dr. Natasha Khanna,Psychiatrist,delhi,81.02706332533013,https://www.practo.com/delhi/therapist/dr-natasha-khanna-pt/recommended?specialization=physiotherapist
Dr. Akta Bajaj,Endocrinologist,delhi,79.97404075834879,https://www.practo.com/delhi/doctor/dr-akta-bajaj-gynecologist-obstetrician/recommended?specialization=gynecologist/obstetrician
Dr. Shruti Gupta,Allergist,delhi,80.53720238095238,https://www.practo.com/delhi/doctor/shruti-gupta-dermatologist/recommended?specialization=dermatologist
Dr. Amit Garg,Psychiatrist,delhi,79.2164716049232,https://www.practo.com/delhi/doctor/dr-amit-garg-3-psychiatrist/recommended?specialization=psychiatrist
Dr. Syed Nazim Hussain,Allergist,delhi,75.80025796513891,https://www.practo.com/delhi/doctor/syed-nazim-hussain-dermatologist/recommended?specialization=dermatologist
Dr. Yachna Grover,Endocrinologist,delhi,80.72648214125876,https://www.practo.com/delhi/doctor/dr-yachna-grover-gynecologist-obstetrician-1/recommended?specialization=gynecologist/obstetrician
Dr. Poonam Agarwal,Endocrinologist,delhi,81.63952216851652,https://www.practo.com/delhi/doctor/poonam-agarwal-gynecologist-obstetrician-1/recommended?specialization=gynecologist/obstetrician
Dr. Aamir Siddiqui,Allergist,delhi,79.88185125060124,https://www.practo.com/delhi/doctor/dr-farooq-siddiqui-dermatologist-cosmetologist/recommended?specialization=dermatologist
Dr. Gholam Sarwar   (Physiotherapist),Psychiatrist,delhi,79.47362388217137,https://www.practo.com/delhi/therapist/user-240/recommended?specialization=physiotherapist
Dr. Sonia Baijal   (Physiotherapist),Psychiatrist,delhi,80.02896785753929,https://www.practo.com/delhi/therapist/dr-sonia-baijal-physiotherapist/recommended?specialization=physiotherapist
Dr. Sonia Baijal   (Physiotherapist),Psychiatrist,delhi,80.02896785753929,https://www.practo.com/delhi/therapist/dr-sonia-baijal-physiotherapist/recommended?specialization=physiotherapist
Dr. Sumit Kumar Gupta,Psychiatrist,delhi,83.28719246031746,https://www.practo.com/delhi/doctor/sumit-kumar-gupta-psychiatrist/recommended?specialization=psychiatrist
Dr. Navnit Haror,Allergist,delhi,81.73464285714286,https://www.practo.com/delhi/doctor/navnit-haror-dermatologist-1/recommended?specialization=dermatologist
Dr. Vijay Kumar,Allergist,delhi,83.07159863945577,https://www.practo.com/delhi/doctor/dr-vijay-kumar-38-dermatologist/recommended?specialization=dermatologist
Dr. Preeti Tahilyani,Endocrinologist,delhi,82.02155604666109,https://www.practo.com/delhi/doctor/dr-preeti-tahilyani-gynecologist-obstetrician-1/recommended?specialization=gynecologist/obstetrician
Dr. Mita Verma,Endocrinologist,delhi,79.8530456985579,https://www.practo.com/delhi/doctor/dr-mita-verma/recommended?specialization=gynecologist/obstetrician
Dr. Bhawna Bansal,Endocrinologist,delhi,80.88045634920634,https://www.practo.com/delhi/doctor/dr-bhawna-bansal-gynecologist-obstetrician/recommended?specialization=gynecologist/obstetrician
Dr. Jotinder Khanna,General Physician,delhi,81.12909226190476,https://www.practo.com/delhi/doctor/dr-jotinder-khanna-surgeon/recommended?specialization=general surgeon
Dr. Hamrah Siddiqui,Endocrinologist,delhi,80.40926634542706,https://www.practo.com/delhi/doctor/dr-humaira-siddiqui-gynecologist-obstetrician/recommended?specialization=gynecologist/obstetrician
Dr. Rakesh Malhotra,Pediatrician,delhi,70.62122939374615,https://www.practo.com/delhi/doctor/dr-rakesh-malhotra-gynecologist-obstetrician/recommended?specialization=pediatrician
Dr. Manish Chopra,Pediatrician,delhi,80.10269961519961,https://www.practo.com/delhi/doctor/dr-manish-chopra-pediatrician-5/recommended?specialization=pediatrician
Dr. Poonam Maggo,Endocrinologist,delhi,72.99671923800967,https://www.practo.com/delhi/doctor/poonam-maggo-gynecologist-obstetrician/recommended?specialization=gynecologist/obstetrician
Dr. Namrata Ghai,Allergist,delhi,82.05147937963065,https://www.practo.com/delhi/doctor/dr-namrata-ghai-dermatologist-cosmetologist-dermatologist/recommended?specialization=dermatologist
Dr. Nivedita Raizada,Endocrinologist,delhi,80.63198164157481,https://www.practo.com/delhi/doctor/dr-nivedita-raizada-gynecologist-obstetrician/recommended?specialization=gynecologist/obstetrician
Dr. Sarita Sharma,Pediatrician,delhi,79.06708300203198,https://www.practo.com/delhi/doctor/sarita-sharma-pediatrician/recommended?specialization=pediatrician
Dr. Deepika Gulati,Pediatrician,delhi,77.00827446363161,https://www.practo.com/delhi/doctor/deepika-gulati-pediatrician/recommended?specialization=pediatrician
Dr. Vijay Lakshmi,Endocrinologist,delhi,79.58806471306471,https://www.practo.com/delhi/doctor/dr-vijay-lakshmi-2-gynecologist-obstetrician/recommended?specialization=gynecologist/obstetrician
Dr. Rajesh Kumar,neurologist,delhi,62.5448648904006,https://www.practo.com/delhi/doctor/dr-rajesh-kumar-8-neurologist/recommended?specialization=neurologist
Dr. Ketaki Tiwari,Endocrinologist,delhi,80.41454365079365,https://www.practo.com/delhi/doctor/dr-ketaki-tiwari-gynecologist-obstetrician/recommended?specialization=gynecologist/obstetrician
Dr. Meenu Ahuja,Endocrinologist,delhi,81.61933879424089,https://www.practo.com/delhi/doctor/meenu-ahuja-gynecologist-obstetrician/recommended?specialization=gynecologist/obstetrician
Dr. Mamta Mishra,Endocrinologist,delhi,78.07275528553939,https://www.practo.com/delhi/doctor/mamta-mishra-1-gynecologist-obstetrician-1/recommended?specialization=gynecologist/obstetrician
Dr. Gunjan Verma,Allergist,delhi,78.13378503110647,https://www.practo.com/delhi/doctor/dr-gunjan-shah-dermatologist-cosmetologist/recommended?specialization=dermatologist
Dr. Gayatri Bala Juneja,Endocrinologist,delhi,81.69059437586223,https://www.practo.com/delhi/doctor/dr-gayatri-bala-juneja-gynecologist-obstetrician-2/recommended?specialization=gynecologist/obstetrician
Dr. Shilpa Dhameja,Endocrinologist,delhi,81.70223089235694,https://www.practo.com/delhi/doctor/dr-shilpa-dhameja-gynecologist-obstetrician/recommended?specialization=gynecologist/obstetrician
Dr. Badrinath Prathi   (Physiotherapist),Psychiatrist,delhi,80.68793993291762,https://www.practo.com/delhi/therapist/dr-badrinath-prathi-physiotherapist/recommended?specialization=physiotherapist
Dr. Preeti Yadav,Endocrinologist,delhi,81.05950017362645,https://www.practo.com/delhi/doctor/dr-preeti-yadav-gynecologist-obstetrician/recommended?specialization=gynecologist/obstetrician
Dr. Vishakha Munjal,Endocrinologist,delhi,79.96894701011549,https://www.practo.com/delhi/doctor/dr-vishakha-munjal-gynecologist-obstetrician/recommended?specialization=gynecologist/obstetrician
Dr. Sunakshi Singh,Allergist,delhi,74.16934960106633,https://www.practo.com/delhi/doctor/dr-sunakshi-singh-dermatologist/recommended?specialization=dermatologist
Ms. Shruti Gupta,Psychiatrist,delhi,81.44067727199104,https://www.practo.com/delhi/therapist/shruti-gupta-1-psychologist/recommended?specialization=psychologist
Dr. Deepak Verma,Psychiatrist,delhi,81.06516203703703,https://www.practo.com/delhi/doctor/deepak-verma-3-psychiatrist/recommended?specialization=psychiatrist
Dr. Atul Chopra,Pediatrician,delhi,80.58697502767478,https://www.practo.com/delhi/doctor/dr-atul-chopra-2/recommended?specialization=pediatrician
Dr. Jaishree Noor,Allergist,delhi,82.84454400510205,https://www.practo.com/delhi/doctor/dr-jaishree-noor-dermatologist/recommended?specialization=dermatologist
Dr. Shailender Kumar Jain,General Physician,delhi,72.53552126084594,https://www.practo.com/delhi/doctor/shailendra-jain-general-surgeon/recommended?specialization=general surgeon
Dr. Karishma Bhatia,Endocrinologist,delhi,80.31231631907148,https://www.practo.com/delhi/doctor/karishma-bhatia-gynecologist-obstetrician/recommended?specialization=gynecologist/obstetrician
Dr. Sandeep Kumar,Allergist,delhi,81.49051339285714,https://www.practo.com/delhi/doctor/dr-sandeep-kumar-3-general-physician/recommended?specialization=dermatologist
Dr. Nikhil Narain,General Physician,delhi,80.09057666870166,https://www.practo.com/delhi/doctor/nikhil-narain-gastroenterologist/recommended?specialization=general surgeon
Dr. Rajesh Kumar,Psychiatrist,delhi,76.88383688071187,https://www.practo.com/delhi/doctor/rajesh-kumar-12-psychiatrist/recommended?specialization=psychiatrist
Dr. Sanjida Yasmin,Endocrinologist,delhi,82.34280616344334,https://www.practo.com/delhi/doctor/dr-sanjida-yasmin/recommended?specialization=gynecologist/obstetrician
Dr. Naved Khan   (Physiotherapist),Psychiatrist,delhi,83.65803571428572,https://www.practo.com/delhi/therapist/dr-naveen-khan-physiotherapist/recommended?specialization=physiotherapist
Dr. Sasha Raikhy,Psychiatrist,delhi,75.8951096221317,https://www.practo.com/delhi/doctor/sasha-3-psychiatry/recommended?specialization=psychiatrist
Dr. Sawan Bopanna,Gastroenterologist,delhi,74.27926587301587,https://www.practo.com/delhi/doctor/sawan-bopanna-gastroenterologist-1/recommended?specialization=gastroenterologist
Dr. Pannam Sharma,Endocrinologist,delhi,80.8895486406368,https://www.practo.com/delhi/doctor/dr-pannam-sharma-gynecologist-obstetrician/recommended?specialization=gynecologist/obstetrician
Dr. Vivek Mehta,Allergist,delhi,77.1749945887446,https://www.practo.com/delhi/doctor/dr-vivek-mehta-dermatologist-cosmetologist-3/recommended?specialization=dermatologist
Dr. Nisha Khanna   (PhD),Psychiatrist,delhi,66.65391825092345,https://www.practo.com/delhi/therapist/nisha-khanna-1-psychiatrist/recommended?specialization=psychologist
Dr. Jasleen Kaur Malhotra,Endocrinologist,delhi,82.24218307114512,https://www.practo.com/delhi/doctor/dr-jasleen-kaur-malhoma-gynecologist-obstetrician/recommended?specialization=gynecologist/obstetrician
Dr. Aman Sharma,Allergist,delhi,79.99414714749535,https://www.practo.com/delhi/doctor/dr-aman-sharma-dermatologist-cosmetologist-1/recommended?specialization=dermatologist
Ms. Monika Sharma,Psychiatrist,delhi,76.08570291669781,https://www.practo.com/delhi/therapist/monika-sharma-5-psychologist/recommended?specialization=psychologist
Dr. Madhumita Patel,Endocrinologist,delhi,81.83369413482085,https://www.practo.com/delhi/doctor/dr-madhumita-patel-gynaecologist/recommended?specialization=gynecologist/obstetrician
Dr. Arun Kumar C Singh,Endocrinologist,delhi,79.372352994228,https://www.practo.com/delhi/doctor/dr-arun-kumar-c-singh-endocrinologist/recommended?specialization=endocrinologist
Dr. Bhagwat Narayan Rajput,Psychiatrist,delhi,78.17285120908633,https://www.practo.com/delhi/doctor/dr-bhagwat-narayan-raj-psychiatrist/recommended?specialization=psychiatrist
Dr. Reetesh Sharma,nephrologist,delhi,82.64307618417737,https://www.practo.com/delhi/doctor/dr-reetesh-sharma-1-nephrology/recommended?specialization=nephrologist
Ms. Milinder Kaur Bedi,Psychiatrist,delhi,81.46882631257631,https://www.practo.com/delhi/therapist/milinder-kaur-bedi-psychologist/recommended?specialization=psychologist
Dr. Jatin Chhabra,Pediatrician,delhi,71.76243740551777,https://www.practo.com/delhi/doctor/dr-jatin-chhabra-pediatrician-1/recommended?specialization=pediatrician
Dr. Pakhi Jain   (PhD),Psychiatrist,delhi,78.35635758091115,https://www.practo.com/delhi/therapist/dr-pakhi-jain-psychologist-1/recommended?specialization=psychologist
Dr. Seema Sharma   (PhD),Psychiatrist,delhi,78.07454254850087,https://www.practo.com/delhi/therapist/seema-sharma-psychologist/recommended?specialization=psychologist
Dr. Rommel Tickoo,General Physician,delhi,77.6782171201814,https://www.practo.com/delhi/doctor/dr-rommel-tickoo-general-physician/recommended?specialization=general physician
Dr. Praveen Tiwari,General Physician,delhi,81.81086734693878,https://www.practo.com/delhi/doctor/praveen-tiwari-internal-medicine/recommended?specialization=general physician
Dr. Latika Arya,Allergist,delhi,78.21566836862337,https://www.practo.com/delhi/doctor/dr-latika-arya-cosmetic-plastic-surgeon/recommended?specialization=dermatologist
Dr. Munish Paul,Allergist,delhi,71.17206148128767,https://www.practo.com/delhi/doctor/dr-munish-paul-dermatologist-cosmetologist-1/recommended?specialization=dermatologist
Dr. Aparna Hegde,Endocrinologist,delhi,78.08081891220483,https://www.practo.com/delhi/doctor/c-u-p-center-for-urogynecology-and-pelvic-health-gynecologist-obstetrician/recommended?specialization=gynecologist/obstetrician
Dr. Deepti  Shrivastava,Allergist,delhi,78.79078443877552,https://www.practo.com/delhi/doctor/deepti-shrivastava-dermatologist-cosmetologist/recommended?specialization=dermatologist
Dr. Owais Akram Farooqui   (PhD),Psychiatrist,delhi,81.30811507936508,https://www.practo.com/delhi/therapist/dr-owais-akram-farooqui-1/recommended?specialization=psychologist
Dr. Yogita Parashar,Endocrinologist,delhi,78.33625219499649,https://www.practo.com/delhi/doctor/dr-yogita-parashar-gynecologist-obstetrician-1/recommended?specialization=gynecologist/obstetrician
Dr. Pratibha Aggarwal,Endocrinologist,delhi,87.31845238095238,https://www.practo.com/delhi/doctor/dr-pratibha-aggarwal-1-gynecologist-obstetrician/recommended?specialization=gynecologist/obstetrician
Dr. Sirisha Singh,Allergist,delhi,81.42599818336424,https://www.practo.com/delhi/doctor/dr-sirisha-singh-dermatologist-cosmetologist/recommended?specialization=dermatologist
Dr. Mudasir Khan,Allergist,delhi,78.88059846623834,https://www.practo.com/delhi/doctor/dr-khan-dermatologist-cosmetologist-2/recommended?specialization=dermatologist
Dr. Rakhi Ratnam   (Physiotherapist),Psychiatrist,delhi,80.81640248144713,https://www.practo.com/delhi/therapist/dr-rakhi-ratnam-physiotherapist/recommended?specialization=physiotherapist
Dr. Prerna Gupta,Endocrinologist,delhi,79.99039908622179,https://www.practo.com/delhi/doctor/prerna-gupta-2-gynecologist-obstetrician-3/recommended?specialization=gynecologist/obstetrician
Dr. Kriti Jain,Allergist,delhi,79.36110327338005,https://www.practo.com/delhi/doctor/dr-kriti-jain-1-dermatologist/recommended?specialization=dermatologist
Dr. Neha Jain,Endocrinologist,delhi,79.40991930863254,https://www.practo.com/delhi/doctor/dr-neha-gynecologist-obstetrician-1-gynecologist-obstetrician/recommended?specialization=gynecologist/obstetrician
Dr. Mamta Goel,Endocrinologist,delhi,80.53175,https://www.practo.com/delhi/doctor/dr-mamta-goel-gynecologist-obstetrician/recommended?specialization=gynecologist/obstetrician
Dr. Anupama Gupta,Pediatrician,delhi,76.8826530612245,https://www.practo.com/delhi/doctor/dr-anupama-gupta-pediatrician-1/recommended?specialization=pediatrician
Dr. Deepa Dureja,Endocrinologist,delhi,80.7671311074935,https://www.practo.com/delhi/doctor/dr-deepa-dureja-gynecologist-obstetrician/recommended?specialization=gynecologist/obstetrician
Dr. Ananya Choudhury,Psychiatrist,delhi,78.48344873663751,https://www.practo.com/delhi/doctor/dr-ananya-choudhury-psychiatrist/recommended?specialization=psychiatrist
Dr. Rajesh Nagpal,Psychiatrist,delhi,74.41280963472346,https://www.practo.com/delhi/doctor/dr-rajesh-nagpal-physiotherapist/recommended?specialization=psychiatrist
Dr. Meeta Sharma,Psychiatrist,delhi,79.13620360075848,https://www.practo.com/delhi/therapist/dr-meeta-sharma-psychologist/recommended?specialization=psychologist
Dr. Asif Umar,General Physician,delhi,81.62371136726296,https://www.practo.com/delhi/doctor/dr-asif-umar-general-surgeon/recommended?specialization=general surgeon
Dr. Jateen Ukrani,Psychiatrist,delhi,80.38287187349688,https://www.practo.com/delhi/doctor/jateen-ukrani-psychiatrist/recommended?specialization=psychiatrist
Dr. Deepak Srivastava,neurologist,delhi,70.82936507936508,https://www.practo.com/delhi/doctor/deepak-srivastava-neurologist/recommended?specialization=neurologist
Dr. Richa Sharma,Allergist,delhi,79.28307397959183,https://www.practo.com/delhi/doctor/dr-richa-sharma-cosmetic-plastic-surgeon/recommended?specialization=dermatologist
Dr. Tapesh Sharma,Allergist,delhi,77.7401369292573,https://www.practo.com/delhi/doctor/dr-tapesh-sharma-dermatologist/recommended?specialization=dermatologist
Ms. Damini Grover,Psychiatrist,delhi,81.84527904717636,https://www.practo.com/delhi/therapist/damini-grover-psychologist/recommended?specialization=psychologist
Dr. Deepti Dhillon,Allergist,delhi,73.41281696973661,https://www.practo.com/delhi/doctor/dr-deepti-dhillon-dermatologist-cosmetologist-1/recommended?specialization=dermatologist
Dr. Sunil Chauhan,General Physician,delhi,80.58438940594553,https://www.practo.com/delhi/doctor/sunil-chauhan-1/recommended?specialization=general physician
Dr. K.S. Walia,General Physician,delhi,76.88370847076203,https://www.practo.com/delhi/doctor/dr-k-s-walia-general-physician/recommended?specialization=general physician
Dr. Sushma Chawla,General Physician,delhi,79.06182005494506,https://www.practo.com/delhi/doctor/sudhma-chawla/recommended?specialization=general physician
Dr. Aditi Sethi Bhutani,General Physician,delhi,79.0249007936508,https://www.practo.com/delhi/doctor/dr-dr-aditi-sethi-bhutani-general-physician/recommended?specialization=general physician
Dr. Anil Laul,General Physician,delhi,69.53943452380952,https://www.practo.com/delhi/doctor/dr-anil-laul-endocrinologist/recommended?specialization=general physician
Dr. (Mrs.) Naresh Sehgal,Endocrinologist,delhi,73.59860402494331,https://www.practo.com/delhi/doctor/naresh-sehgal-gynecologist-obstetrician/recommended?specialization=gynecologist/obstetrician
Dr. Jalpa Jani,Allergist,delhi,78.53811011904762,https://www.practo.com/delhi/doctor/dr-jalpa-jani-dermatologist-cosmetologist-1/recommended?specialization=dermatologist
Dr. Harveen Kaur,Endocrinologist,delhi,80.35225438054009,https://www.practo.com/delhi/doctor/dr-harveen-kaur-gynecologist-obstetrician-1/recommended?specialization=gynecologist/obstetrician
Dr. Prashant Goyal,Psychiatrist,delhi,79.38816357253856,https://www.practo.com/delhi/doctor/dr-prashant-goyal-psychiatrist-1/recommended?specialization=psychiatrist
Dr. Saket Goel,General Physician,delhi,80.79519389992839,https://www.practo.com/delhi/doctor/dr-saket-goel-gastroenterologist-1-bariatric-surgeon/recommended?specialization=general surgeon
Dr. S.K Kashyap,Allergist,delhi,78.43372731352642,https://www.practo.com/delhi/doctor/s-k-kashyap-dermatologist-cosmetologist/recommended?specialization=dermatologist
Dr. Anjali Nagpal,Psychiatrist,delhi,75.96281207053528,https://www.practo.com/delhi/doctor/dr-anjali-nagpal-psychiatrist/recommended?specialization=psychiatrist
Dr. Pradeep Bansal,Allergist,delhi,80.70116618075801,https://www.practo.com/delhi/doctor/dr-pradeep-bansal-dermatologist-cosmetologist-1-dermatologist/recommended?specialization=dermatologist
Dr. Mayur Dass,Endocrinologist,delhi,80.79752494747899,https://www.practo.com/delhi/doctor/dr-mayur-1-gynecologist-obstetrician/recommended?specialization=gynecologist/obstetrician
Dr. R R Pandey,neurologist,delhi,73.78743751709438,https://www.practo.com/delhi/doctor/dr-r-r-pandey-neurologist-1/recommended?specialization=neurologist
Dr. (Maj Gen.) Darshan Singh Bhakuni,Rheumatologist,delhi,80.30408537351677,https://www.practo.com/delhi/doctor/dr-darshan-singh-bhakuni-rheumatologist/recommended?specialization=rheumatologist
Dr. R R Pandey,neurologist,delhi,73.78743751709438,https://www.practo.com/delhi/doctor/dr-r-r-pandey-neurologist-1/recommended?specialization=neurologist
Dr. Ila Gupta,Endocrinologist,delhi,82.51534621424327,https://www.practo.com/delhi/doctor/dr-ila-gupta-gynecologist-obstetrician-1/recommended?specialization=gynecologist/obstetrician
Dr. (Maj Gen.) Darshan Singh Bhakuni,Rheumatologist,delhi,80.30408537351677,https://www.practo.com/delhi/doctor/dr-darshan-singh-bhakuni-rheumatologist/recommended?specialization=rheumatologist
Dr. Ila Gupta,Endocrinologist,delhi,82.51534621424327,https://www.practo.com/delhi/doctor/dr-ila-gupta-gynecologist-obstetrician-1/recommended?specialization=gynecologist/obstetrician
Dr. Neeta Misra,Endocrinologist,delhi,79.75599821655017,https://www.practo.com/delhi/doctor/dr-neeta-misra-gynecologist-obstetrician-2/recommended?specialization=gynecologist/obstetrician
Dr. Seema Theraja,Endocrinologist,delhi,81.99274799605158,https://www.practo.com/delhi/doctor/dr-seema-theraja-1-gynecologist-obstetrician/recommended?specialization=gynecologist/obstetrician
Dr. Sonu Agarwal,Endocrinologist,delhi,77.98766617063492,https://www.practo.com/delhi/doctor/dr-sonu-agarwal/recommended?specialization=gynecologist/obstetrician
Dr. Sumit Thapar   (Physiotherapist),Psychiatrist,delhi,80.34121813560589,https://www.practo.com/delhi/therapist/dr-sumit-thapar-physiotherapist/recommended?specialization=physiotherapist
Dr. Vikas Taneja,Pediatrician,delhi,81.23702071737786,https://www.practo.com/delhi/doctor/dr-vikas-taneja-pediatrician-2/recommended?specialization=pediatrician
Dr. Arnab Ghosh Hajra,Psychiatrist,kolkata,78.09179197994987,https://www.practo.com/kolkata/doctor/arnab-ghosh-hajra-psychiatrist/recommended?specialization=psychiatrist
Ms. Poulami Biswas Dutta,Psychiatrist,kolkata,79.77327889634876,https://www.practo.com/kolkata/therapist/poulami-biswas-dutta-psychologist/recommended?specialization=psychologist
Dr. Dibyendu Kumar Ray,neurologist,kolkata,84.72725340136054,https://www.practo.com/kolkata/doctor/dr-dibyendu-kumar-ray-neurosurgeon/recommended?specialization=neurosurgeon
Dr. S. B. Nagori,Cardiologist,kolkata,79.45191097482764,https://www.practo.com/kolkata/doctor/dr-s-b-nagori-cardiologist/recommended?specialization=cardiologist
Dr. Praveen Kumar,General Physician,kolkata,80.99353736541237,https://www.practo.com/kolkata/doctor/praveen-kumar-28-general-surgeon/recommended?specialization=general surgeon
Dr. Swarupjit Ghata,General Physician,kolkata,81.58258226453128,https://www.practo.com/kolkata/doctor/dr-swarupjit-ghata-general-surgeon/recommended?specialization=general surgeon
Dr. Rajarshi Dutta,General Physician,kolkata,76.8637982913551,https://www.practo.com/kolkata/doctor/rajarshi-dutta-general-physician/recommended?specialization=general physician
Dr. Sushmita Pal,General Physician,kolkata,82.14464667277167,https://www.practo.com/kolkata/doctor/dr-sushmita-pal-general-practitioner/recommended?specialization=general physician
Dr. Saugata Bandyopadhyay,Psychiatrist,kolkata,81.02142857142857,https://www.practo.com/kolkata/doctor/dr-saugata-banyopadhya-psychiatrist/recommended?specialization=psychiatrist
Dr. Sayantani Chakraborty,Allergist,kolkata,74.17351600728011,https://www.practo.com/kolkata/doctor/dr-sayantani-chakraborty-dermatologist-cosmetologist-3/recommended?specialization=dermatologist
Dr. Pallavi Daga,Endocrinologist,kolkata,79.36587227964779,https://www.practo.com/kolkata/doctor/dr-pallavi-daga-gynecologist-obstetrician/recommended?specialization=gynecologist/obstetrician
Dr. Sanjib Chowdhuri,Allergist,kolkata,72.99120036213787,https://www.practo.com/kolkata/doctor/dr-sanjib-choudhury-dermatologist/recommended?specialization=dermatologist
Dr. Sujoy Dasgupta,Endocrinologist,kolkata,79.08583255847232,https://www.practo.com/kolkata/doctor/dr-sujoy-dasgupta-gynecologic-oncologist/recommended?specialization=gynecologist/obstetrician
Dr. Arijit Dutta Chowdhury,Psychiatrist,kolkata,78.17990760066652,https://www.practo.com/kolkata/doctor/arijit-dutta-chowdhury-psychiatrist/recommended?specialization=psychiatrist
Dr. Sadhna Sha,Pediatrician,kolkata,81.844668149311,https://www.practo.com/kolkata/doctor/dr-sadhna-sha-pediatrician-1/recommended?specialization=pediatrician
Dr. Subidita Chatterjee,Endocrinologist,kolkata,78.18294372160165,https://www.practo.com/kolkata/doctor/subidita-chatterjee-gynecologist-obstetrician/recommended?specialization=gynecologist/obstetrician
Dr. Subidita Chatterjee,Endocrinologist,kolkata,78.18294372160165,https://www.practo.com/kolkata/doctor/subidita-chatterjee-gynecologist-obstetrician/recommended?specialization=gynecologist/obstetrician
Dr. Basab Mukherjee,Endocrinologist,kolkata,79.77008925503824,https://www.practo.com/kolkata/doctor/dr-basab-mukherjee-gynecologist-obstetrician-2/recommended?specialization=gynecologist/obstetrician
Dr. Vijay Kumar Rai,Gastroenterologist,kolkata,77.5464474938327,https://www.practo.com/kolkata/doctor/dr-vijay-kumar-rai-gastroenterologist/recommended?specialization=gastroenterologist
Dr. Kavita Mandal,Endocrinologist,kolkata,78.96001622816453,https://www.practo.com/kolkata/doctor/dr-kavita-mandal-gynecologist-obstetrician/recommended?specialization=gynecologist/obstetrician
Dr. Subimal Ganguli,General Physician,kolkata,81.22889323721913,https://www.practo.com/kolkata/doctor/dr-subimal-ganguli-general-surgeon/recommended?specialization=general surgeon
Dr. Shamik Das,Allergist,kolkata,81.61411994090565,https://www.practo.com/kolkata/doctor/shamik-das-sexologist/recommended?specialization=dermatologist
Dr. Era S. Dutta,Psychiatrist,kolkata,81.7235279830766,https://www.practo.com/kolkata/doctor/era-dutta-psychiatrist/recommended?specialization=psychiatrist
Dr. Indranil Saha,Psychiatrist,kolkata,80.9659244525316,https://www.practo.com/kolkata/doctor/indranil-saha-psychiatrist/recommended?specialization=psychiatrist
Dr. Irina Dey,Endocrinologist,kolkata,81.53151238059326,https://www.practo.com/kolkata/doctor/irina-dey-gynecologist-obstetrician/recommended?specialization=gynecologist/obstetrician
Dr. Biplab Roy Chowdhury,Endocrinologist,kolkata,81.37549058084772,https://www.practo.com/kolkata/doctor/dr-biplab-roy-chowdhury-gynecologist-obstetrician-1/recommended?specialization=gynecologist/obstetrician
Dr. Kaushik Sil,neurologist,kolkata,79.07110279176607,https://www.practo.com/kolkata/doctor/kaushikneuro-gmail-com-neurosurgeon/recommended?specialization=neurosurgeon
Dr. Arpan Saha,Pediatrician,kolkata,81.92434842394258,https://www.practo.com/kolkata/doctor/dr-arpan-saha-pediatrics/recommended?specialization=pediatrician
Dr. Rajib Roy,Allergist,kolkata,81.1107064536341,https://www.practo.com/kolkata/doctor/rajib-roy-dermatologist-cosmetologist/recommended?specialization=dermatologist
Dr. Sandipan Saha,Pediatrician,kolkata,78.0070616883117,https://www.practo.com/kolkata/doctor/dr-sandipan-saha-pediatrician/recommended?specialization=pediatrician
Dr. V K Poddar,Endocrinologist,kolkata,82.34077380952381,https://www.practo.com/kolkata/doctor/dr-v-k-poddar-gynecologist-obstetrician/recommended?specialization=gynecologist/obstetrician
Ms. Anasuya Ghosh,Psychiatrist,kolkata,71.4981240981241,https://www.practo.com/kolkata/therapist/anasuya-ghosh-psychologist/recommended?specialization=psychologist
Dr. Rajashree Ray,Psychiatrist,kolkata,76.81666666666666,https://www.practo.com/kolkata/doctor/dr-rajashree-ray-psychiatrist/recommended?specialization=psychiatrist
Dr. Tirtha Pratim Purkait,General Physician,kolkata,78.53190083725798,https://www.practo.com/kolkata/doctor/tirtha-pratim-general-physician/recommended?specialization=general physician
Dr. Pavitra Chakravarty,Pediatrician,kolkata,78.62371651785715,https://www.practo.com/kolkata/doctor/pavitra-chakravarty-pediatrician/recommended?specialization=pediatrician
Dr. Aiman Afandi   (Physiotherapist),Psychiatrist,kolkata,80.19734479535616,https://www.practo.com/kolkata/therapist/dr-aiman-afandi-physiotherapist/recommended?specialization=physiotherapist
Dr. DEVRAJ KUMAR,Cardiologist,kolkata,79.58790283790283,https://www.practo.com/kolkata/doctor/dr-devraj-kumar-singh-cardiac-surgeon/recommended?specialization=cardiologist
Mr. Sumedh Chatterjee,Psychiatrist,kolkata,80.98954881923632,https://www.practo.com/kolkata/therapist/mr-sumedh-chatterjee-psychologist-3/recommended?specialization=psychologist
Ms. Prachi Rathi,Psychiatrist,kolkata,82.32174503324057,https://www.practo.com/kolkata/therapist/prachi-rathi-psychologist/recommended?specialization=psychologist
Dr. Dhruba Ray,Endocrinologist,kolkata,74.21449652777778,https://www.practo.com/kolkata/doctor/dhruba-ray/recommended?specialization=gynecologist/obstetrician
Mr. Sumedh Chatterjee,Psychiatrist,kolkata,80.98954881923632,https://www.practo.com/kolkata/therapist/mr-sumedh-chatterjee-psychologist-3/recommended?specialization=psychologist
Ms. Amrita Chakraborty,Psychiatrist,kolkata,83.65178571428571,https://www.practo.com/kolkata/therapist/amrita-chakraborty-psychologist/recommended?specialization=psychologist
Dr. Abhra Chandra Chowdhury,Rheumatologist,kolkata,73.78489367775082,https://www.practo.com/kolkata/doctor/dr-abhra-chandra-chowdhury-rheumatologist/recommended?specialization=rheumatologist
Dr. Shabana Munshi,Endocrinologist,kolkata,79.47867063492063,https://www.practo.com/kolkata/doctor/dr-shabana-munshi-gynecologist-obstetrician/recommended?specialization=gynecologist/obstetrician
Dr. Madhumita Bhattacharya,Allergist,kolkata,82.58960888648389,https://www.practo.com/kolkata/doctor/dr-madhumita-bhattacharya-1-dermatologist/recommended?specialization=dermatologist
Dr. Indrani Dutta   (PhD),Psychiatrist,kolkata,78.00496667684168,https://www.practo.com/kolkata/therapist/dr-indrani-dutta-psychologist-1/recommended?specialization=psychologist
Dr. Bratati Bhattacharyya,Endocrinologist,kolkata,81.6454081632653,https://www.practo.com/kolkata/doctor/bratati-bhattacharyya-gynecologist-obstetrician/recommended?specialization=gynecologist/obstetrician
Dr. Surajit Gorai,Allergist,kolkata,76.78159052973041,https://www.practo.com/kolkata/doctor/dr-surajit-gorai-dermatologist/recommended?specialization=dermatologist
Ms. Snehalata Sarkar,Psychiatrist,kolkata,83.7821088435374,https://www.practo.com/kolkata/therapist/ms-snehalata-sarkar-psychologist/recommended?specialization=psychologist
Ms. Prashakha Solanki,Psychiatrist,kolkata,80.85711847640802,https://www.practo.com/kolkata/therapist/prashakha-solanki-psychologist/recommended?specialization=psychologist
Ms. Sananda Paul,Psychiatrist,kolkata,81.38064187796331,https://www.practo.com/kolkata/therapist/sananda-paul-psychologist/recommended?specialization=psychologist
Dr. Sanjoy Basu,Gastroenterologist,kolkata,74.7828046315929,https://www.practo.com/kolkata/doctor/sanjoy-basu/recommended?specialization=gastroenterologist
Dr. Ajit Kumar Verma,General Physician,kolkata,75.41882617630385,https://www.practo.com/kolkata/doctor/ajit-kumar-verma-pediatrician/recommended?specialization=general physician
Dr. Saibal Moitra,Allergist,kolkata,62.26746740362812,https://www.practo.com/kolkata/doctor/dr-saibal-moitra-allergist-immunologist/recommended?specialization=allergist/immunologist
Dr. S A Mallick,General Physician,kolkata,82.88951176303856,https://www.practo.com/kolkata/doctor/dr-s-a-mallick-general-physician/recommended?specialization=general physician
Dr. Bodhisatwa Choudhuri,General Physician,kolkata,71.69276207293125,https://www.practo.com/kolkata/doctor/bodhisatwa-choudhuri-general-physician/recommended?specialization=general physician
